Hotel_Name,lat,lng
Mercure Paris Gare Montparnasse,,
Hotel Best Western PLUS Alfa Aeropuerto,41.3283758,2.1129638
W Barcelona,41.368437,2.1901534
Hotel Miramar Barcelona GL,41.3703041,2.17141
Eurostars Grand Marina Hotel GL,41.371308,2.181698
Crowne Plaza Barcelona Fira Center,41.3725246,2.1540788
Hotel Grums Barcelona,41.3727844,2.1721134
Ayre Hotel Gran V a,41.3732462,2.1474351
Tryp Barcelona Apolo Hotel,41.3747031,2.1707106
Silken Concordia,41.3747873,2.1611846
Catalonia Barcelona Plaza,41.3750293,2.1491172
Hotel Barcelona Universal,41.375237,2.1684058
Hotel Garbi Millenni,41.3759896,2.167148
Hotel Vilamar,41.3766732,2.1524478
Pestana Arena Barcelona,41.376801,2.1460443
AC Hotel Sants a Marriott Lifestyle Hotel,41.3775577,2.1384686
Senator Barcelona Spa Hotel,41.3777977,2.1135971
Onix Liceo,41.3780229,2.1730782
Eurostars Ramblas,41.3780983,2.1762005
Medinaceli,41.3781685,2.1786627
Catalonia Port,41.378751,2.17873
Barcel Raval,41.3790126,2.1696339
TWO Hotel Barcelona by Axel 4 Sup Adults Only,41.37913,2.1561186
Expo Hotel Barcelona,41.3792053,2.1427989
Gran Hotel Torre Catalunya,41.3795572,2.1425457
Duquesa de Cardona,41.3798658,2.1805271
Barcel Sants,41.3798964,2.1412433
Hotel Espa a Ramblas,41.3799209,2.1728181
Hotel DO Pla a Reial G L,41.3799929,2.1748256
Hotel The Serras,41.3801815,2.180688
Hotel Villa Emilia,41.3802469,2.1541149
Aparthotel Arai 4 Superior,41.3807517,2.1772425
The Wittmore Adults Only,41.380939,2.1796095
H10 Itaca,41.3810311,2.1455516
Duquesa Suites Barcelona,41.3810421,2.1814294
Petit Palace Boqueria Garden,41.3812223,2.1739622
NH Barcelona Stadium,41.3812574,2.1269078
Hotel Abbot,41.3815028,2.1449138
H10 Port Vell 4 Sup,41.3815625,2.1838458
Barcelona Hotel Colonial,41.3822909,2.1807447
Abba Sants,41.3825777,2.1400103
Mercer Hotel Barcelona,41.3827,2.1791999
Hotel Bagu s,41.3827894,2.1715636
Silken Ramblas,41.3830117,2.1700699
Gran Hotel Barcino,41.3830582,2.1778267
Hotel Vueling Bcn by HC,41.3831641,2.1604736
Hotel Casa Camper,41.3832414,2.1685298
Hotel Neri,41.3832498,2.1753483
Exe Laietana Palace,41.3833541,2.1794038
Hotel 1898,41.3834673,2.1712016
Acta CITY47,41.383515,2.1407396
Fairmont Rey Juan Carlos I,41.3835246,2.1096141
Hotel G tico,41.3835584,2.178311
Le M ridien Barcelona,41.3837453,2.171014
Hotel Ciutadella Barcelona,41.3837583,2.1846933
Sunotel Central,41.3841429,2.1616896
H10 Casanova,41.3842608,2.1609471
Royal Ramblas,41.3842838,2.1707092
Hotel Serhs Rivoli Rambla,41.3843222,2.1712893
Sercotel Amister Art Hotel Barcelona,41.3844072,2.1514584
NH Sants Barcelona,41.384591,2.1378107
Catalonia Catedral,41.3846637,2.1740902
Mercer House B ria BCN,41.3846844,2.1791065
Hotel Barcelona Catedral,41.384829,2.1751277
Col n Hotel Barcelona,41.3849613,2.1756666
Grand Hotel Central,41.3849695,2.1776631
Acevi Villarroel,41.3853781,2.1567228
Abba Garden,41.3854716,2.1018835
Hotel Midmost,41.3856173,2.1659487
Catalonia Ramblas 4 Sup,41.3856387,2.1668274
Catalonia Rigoletto,41.385817,2.1256789
Hotel Regina,41.3858891,2.1681652
Zenit Borrell,41.3859873,2.1514021
Pullman Barcelona Skipper,41.3860183,2.19473
Ilunion Almirante,41.3860521,2.176157
Ako Suites Hotel,41.3861153,2.1611899
Catalonia Magdalenes,41.3861283,2.1745291
Hotel Pulitzer,41.386136,2.1682914
Olivia Plaza Hotel,41.3861459,2.1711594
Aparthotel Atenea Barcelona,41.3862689,2.1291786
Catalonia Plaza Catalunya,41.3865289,2.1682919
Hotel Arts Barcelona,41.3865424,2.1969665
K K Hotel Picasso,41.3866227,2.1840722
H10 Universitat,41.3869565,2.1665338
Ohla Barcelona,41.3870479,2.174336
Axel Hotel Barcelona Urban Spa Adults Only,41.3873478,2.1603987
H10 Metropolitan 4 Sup,41.3875467,2.1673975
Sunotel Club Central,41.38793,2.1568061
H10 Cubik 4 Sup,41.388024,2.1731556
Cram,41.3880549,2.1599602
Sansi Diputacio,41.3882234,2.1644551
NH Collection Barcelona Constanza,41.3885274,2.1360471
Catalonia Square 4 Sup,41.3885658,2.1712991
Hilton Barcelona,41.388682,2.1316368
Petit Palace Museum,41.3888014,2.1653738
The Corner Hotel,41.3890578,2.1565948
Avenida Palace,41.3891168,2.1671986
H10 Urquinaona Plaza,41.3892128,2.1726015
AC Hotel Victoria Suites a Marriott Lifestyle Hotel,41.3893478,2.1209755
Best Western Premier Hotel Dante,41.3894195,2.1564886
NH Collection Barcelona Gran Hotel Calder n,41.3894654,2.1662651
U232 Hotel,41.3895237,2.1490307
Vincci Gala,41.3895263,2.1747136
Catalonia Born,41.3896916,2.1798661
Hotel Derby,41.3897735,2.1419762
Eurostars Cristal Palace,41.3897945,2.1660575
AC Hotel Diagonal L Illa a Marriott Lifestyle Hotel,41.3899609,2.135684
Hotel Gran Derby Suites,41.3900104,2.1422396
Catalonia Passeig de Gr cia 4 Sup,41.3901396,2.1696699
Upper Diagonal,41.39038,2.121
Arenas Atiram Hotels,41.3904305,2.1262314
Negresco Princess 4 Sup,41.3905166,2.1725643
Eurostars Bcn Design,41.3907208,2.1660732
Hotel mbit Barcelona,41.3907821,2.1717426
HCC St Moritz,41.3908486,2.1680745
Acta Atrium Palace,41.390913,2.1706981
Petit Palace Barcelona,41.3909816,2.1714938
Melia Barcelona Sarri,41.391058,2.141706
Hotel Balmes,41.3910621,2.1593373
Roger de Ll ria,41.3910786,2.1717285
Hotel Indigo Barcelona Plaza Catalunya,41.391362,2.1700953
Mandarin Oriental Barcelona,41.391393,2.1668467
Cotton House Hotel Autograph Collection,41.3915897,2.1720108
Hotel Palace GL,41.3916258,2.1716378
Hotel Barcelona Center,41.3917169,2.1592614
Hotel Granados 83,41.391843,2.156844
Hotel Margot House,41.3918805,2.1660363
Hotel America Barcelona,41.3919083,2.1573318
Room Mate Gerard,41.3919114,2.1765438
H10 Art Gallery 4 Sup,41.392018,2.157066
Evenia Rossello,41.3920254,2.1554675
Olivia Balmes Hotel,41.392095,2.158493
HCC Regente,41.3922919,2.1622256
Grupotel Gran Via 678,41.392344,2.1729157
Silken Gran Hotel Havana,41.3927101,2.1722139
Room Mate Anna,41.3929366,2.1653954
Sixtytwo Hotel,41.3930168,2.1646148
The Mirror Barcelona,41.3930406,2.1545393
Alexandra Barcelona A DoubleTree by Hilton,41.3931918,2.16152
H10 Marina Barcelona,41.393227,2.1927427
Vincci Mae,41.3933943,2.1461315
Majestic Hotel Spa Barcelona GL,41.3935179,2.1639813
Condes de Barcelona,41.3935497,2.1627098
Hotel SB Icaria Barcelona,41.3935591,2.1993915
Hotel Casa Bonay,41.3935967,2.1742718
Catalonia Eixample 1864,41.393599,2.1684151
Guitart Grand Passage,41.3936071,2.1504611
Sansi Pedralbes,41.39367,2.1115418
Catalonia Diagonal Centro,41.3938632,2.1568039
Monument Hotel,41.3939082,2.1622556
NH Hesperia Barcelona Presidente,41.3941338,2.1489569
Hotel Murmuri Barcelona,41.3941625,2.1597836
Wilson Boutique Hotel,41.3944029,2.150194
Ohla Eixample,41.3944574,2.1564353
Claris Hotel Spa GL,41.3944848,2.1651078
Alma Barcelona GL,41.3945074,2.1632659
Royal Passeig de Gracia,41.3946775,2.162638
AC Hotel Irla a Marriott Lifestyle Hotel,41.3948175,2.1434702
Zenit Barcelona,41.3949199,2.1468594
Gallery Hotel,41.3949242,2.1593099
Ofelias Hotel 4 Sup,41.3957584,2.1822402
Hotel 4 Barcelona,41.3959587,2.2008981
Ayre Hotel Caspe,41.3961021,2.1794688
Hotel Balmoral,41.3961294,2.1551626
The One Barcelona GL,41.3961448,2.1631674
H10 Casa Mimosa 4 Sup,41.3962106,2.1621171
Hotel Omm,41.3962468,2.1609551
Room Mate Carla,41.3962658,2.1662153
Sall s Hotel Pere IV,41.3969273,2.192267
Hotel Spa Villa Olimpica Suites,41.3971434,2.1921947
Capri by Fraser Barcelona,41.3976233,2.188975
Hotel Casa Fuster G L Monumento,41.3980162,2.1581229
Aparthotel Mariano Cubi Barcelona,41.3982129,2.1494179
Hotel Rekord,41.3985449,2.1438237
Catalonia La Pedrera,41.3986093,2.1625037
Ilunion Barcelona,41.3989322,2.2024183
Hotel Well and Come,41.3991773,2.1656134
Mercure Barcelona Condor,41.3999934,2.1452467
Primero Primera,41.4002812,2.1297427
Eurostars Monumental,41.4006653,2.1787089
Eurohotel Diagonal Port,41.4006708,2.2087844
NH Hesperia Barcelona del Mar,41.4014399,2.2100745
Pol Grace Hotel,41.4017465,2.1477365
Occidental Atenea Mar Adults Only,41.4023621,2.2119049
Eurostars Angli,41.4031654,2.1231637
Catalonia Barcelona 505,41.4034965,2.1370426
The Gates Diagonal Barcelona,41.4036219,2.1902808
Hotel Front Maritim,41.4037972,2.213767
Novotel Barcelona City,41.4038774,2.1911894
Ayre Hotel Rosell n,41.4047382,2.1727127
Vilana Hotel,41.4047934,2.1288527
Attica 21 Barcelona Mar,41.4052324,2.2117289
The Level at Melia Barcelona Sky,41.406146,2.2008636
Melia Barcelona Sky 4 Sup,41.4061636,2.2008956
Catalonia Park Putxet,41.4072812,2.1443116
Vincci Maritimo,41.4082054,2.2124626
Hilton Diagonal Mar Barcelona,41.4084334,2.2178205
Hotel Ronda Lesseps,41.408641,2.1478143
AC Hotel Barcelona Forum a Marriott Lifestyle Hotel,41.4101306,2.2188047
Ilunion Bel Art,41.4101934,2.1695574
ABaC Restaurant Hotel Barcelona GL Monumento,41.4106944,2.136294
Barcelona Princess,41.4109715,2.2186535
Catalonia Atenas,41.4110056,2.1866009
Hotel SB Diagonal Zero Barcelona 4 Sup,41.4111652,2.2192012
Vincci Bit,41.4114188,2.211756
Tryp Barcelona Condal Mar Hotel,41.4126508,2.2090895
Bcn Urban Hotels Gran Rosellon,41.4226648,2.1464261
Gran Hotel La Florida,41.4253332,2.1211028
Hotel Alimara,41.4337561,2.147327
Starhotels Business Palace,45.43784,9.230901
MiHotel,45.4405621,9.1921165
Hotel La Spezia Gruppo MiniHotel,45.4408963,9.1728003
Ca Bianca Hotel Corte Del Naviglio,45.443502,9.1377081
IH Hotels Milano Lorenteggio,45.4436132,9.1161094
IH Hotels Milano Watt 13,45.443791,9.152947
Grand Visconti Palace,45.4471408,9.2070051
Best Western Hotel Major,45.4472099,9.2090967
Novotel Milano Linate Aeroporto,45.4481878,9.2570459
Art Hotel Navigli,45.4501306,9.1696481
Hotel Liberty,45.4508673,9.1948659
Hotel D Este,45.4510397,9.1920911
Nhow Milan,45.4510425,9.1606536
UNA Hotel Mediterraneo,45.451873,9.20548
Maison Borella,45.4521067,9.1758135
Hotel Magna Pars Small Luxury Hotels of the World,45.4524879,9.1669784
Hotel Crivi s,45.4529643,9.1962217
The Yard Milano,45.453152,9.179172
Petit Palais Hotel De Charme,45.4559784,9.1871812
Hotel Mercure Milano Solari,45.4565757,9.1684824
Hotel Romana Residence,45.4572218,9.1937008
Uptown Palace,45.4574655,9.1919138
Best Western Hotel Ascot,45.4580137,9.1913676
Hotel Lloyd,45.4580781,9.1924205
Hotel Silver,45.4589731,9.0687506
Hotel Regina,45.459485,9.179511
Hotel Pierre Milano,45.4595203,9.1770004
Hotel Carrobbio,45.4606597,9.1810947
Hotel Dei Cavalieri,45.4608547,9.1886179
The Square Milano Duomo,45.4608604,9.1890215
Milan Marriott Hotel,45.4611287,9.1542675
Brunelleschi Hotel,45.461177,9.191047
Hotel Mentana,45.4622972,9.1814695
Hotel Santa Marta Suites,45.4630441,9.183607
NH Collection Milano President,45.4630685,9.1979367
Hotel Vittoria,45.463135,9.2102
UNA Maison Milano,45.4633289,9.1884242
Bianca Maria Palace Hotel,45.4635445,9.2068649
Hotel Spadari Al Duomo,45.463579,9.1869092
Rosa Grand Milano Starhotels Collezione,45.4638223,9.1940273
Hotel Galileo,45.4642651,9.1960569
IH Hotels Milano Ambasciatori,45.4644348,9.1952727
TownHouse Duomo,45.4648822,9.1893265
Room Mate Giulia,45.4651371,9.1895249
STRAF a Member of Design Hotels,45.465237,9.191247
Park Hyatt Milano,45.4654912,9.1889612
Sina The Gray,45.4655368,9.1914986
Mokinba Hotels King,45.4656023,9.1778675
TH Street Duomo,45.4657568,9.1916674
TownHouse Galleria,45.4657842,9.1895321
Sina De La Ville,45.465957,9.192297
Hotel Capitol Milano,45.4661781,9.1588367
Camperio House Suites Apartments,45.466598,9.183064
Boscolo Milano Autograph Collection,45.46676,9.194293
Hotel Clerici,45.4667717,9.1871001
Antares Hotel Rubens,45.4670579,9.1427822
Palazzo Segreti,45.4672309,9.184154
Antica Locanda Dei Mercanti,45.467298,9.1846982
Ch teau Monfort Relais Ch teaux,45.4682358,9.2073799
UNA Hotel Cusani,45.4684251,9.1834161
Hotel Wagner,45.4684949,9.1550355
Hotel Milano Scala,45.4689376,9.1868891
Baglioni Hotel Carlton The Leading Hotels of the World,45.4691663,9.1984454
TownHouse 33,45.4693349,9.2142383
Four Seasons Hotel Milano,45.469339,9.195108
Mandarin Oriental Milan,45.4694772,9.1909325
Grand Hotel et de Milan,45.4699058,9.1925024
Bulgari Hotel Milano,45.4701334,9.1897405
Hotel Manzoni,45.470238,9.195347
Armani Hotel Milano,45.470532,9.19302
Style Hotel,45.4708973,9.1840992
Hotel Tiziano Park Vita Parcour Gruppo MiniHotels,45.4709657,9.1566242
Senato Hotel Milano,45.4714062,9.1965303
Idea Hotel Milano San Siro,45.4720654,9.0777871
Best Western Hotel Astoria,45.4725167,9.1439198
Hotel Cavour,45.4726942,9.1943911
Palazzo Parigi Hotel Grand Spa Milano,45.473348,9.1910733
Sheraton Diana Majestic,45.4736557,9.2066824
Hotel Dieci,45.4738012,9.2239702
Hotel Manin,45.4739801,9.1960671
Hotel Mercure Milano Centro,45.4747809,9.2059385
Worldhotel Cristoforo Colombo,45.4758842,9.205791
NH Milano Touring,45.4769167,9.196665
Carlyle Brera Hotel,45.4769923,9.1844899
Best Western Hotel St George,45.4770906,9.2054208
NH Milano Machiavelli,45.4776167,9.2016244
Hotel Sanpi Milano,45.4777623,9.203169
Starhotels Ritz,45.4779041,9.2094965
Mokinba Hotels Baviera,45.4782808,9.1997755
Best Western Plus Hotel Felice Casati,45.4787357,9.2041131
Mokinba Hotels Montebianco,45.4788051,9.1446276
The Westin Palace,45.4790357,9.199028
Meli Milano,45.4792738,9.1459546
ME Milan Il Duca,45.4793852,9.1961308
IH Hotels Milano Puccini,45.4794406,9.2096756
Windsor Hotel Milano,45.4794587,9.1951427
Hotel Principe Di Savoia,45.479888,9.1962982
LHP Hotel Napoleon,45.4802415,9.2131919
Hotel Portello Gruppo Minihotel,45.4802503,9.1494925
Admiral Hotel,45.480515,9.160063
Best Western Plus Hotel Galles,45.4805847,9.2117326
NH Milano Palazzo Moscova,45.480968,9.189977
Hotel Mediolanum,45.4813423,9.2039494
NH Milano Grand Hotel Verdi,45.4814923,9.192023
Leonardo Hotel Milan City Center,45.482442,9.1756982
Hotel Berna,45.4826692,9.2034371
Hotel Tocq,45.4828787,9.186346
Colombia,45.4829817,9.2041911
Best Western Atlantic Hotel,45.4830211,9.2033246
Hotel Mozart,45.4834133,9.1666361
Andreola Central Hotel,45.4836517,9.2078581
ADI Hotel Poliziano Fiera,45.4837173,9.1649371
Glam Milano,45.4838504,9.2034067
UNA Hotel Century,45.4841371,9.2001623
LaGare Hotel Milano Centrale MGallery by Sofitel,45.484237,9.198858
TownHouse 12,45.4844028,9.1673528
Hotel Michelangelo,45.4845143,9.2057532
Hotel Bristol,45.4845769,9.2065256
Starhotels Echo,45.4847398,9.2072916
Qualys Hotel Nasco,45.4848809,9.1596461
AC Hotel Milano a Marriott Lifestyle Hotel,45.4851799,9.1831189
Four Points Sheraton Milan Center,45.4851889,9.198015
Starhotels Anderson,45.4852549,9.2069501
ADI Doria Grand Hotel,45.4853717,9.2115837
Excelsior Hotel Gallia Luxury Collection Hotel,45.4857027,9.2020127
Best Western Hotel City,45.4858877,9.2042827
UNA Hotel Scandinavia,45.4859983,9.1637603
Hilton Milan,45.4862032,9.200322
Enterprise Hotel Design Boutique,45.4867005,9.1575137
Hotel Marconi,45.4868744,9.2018407
NYX Milan,45.4868745,9.2018406
Hotel Lombardia,45.4872511,9.2237385
Best Western Madison Hotel,45.4881471,9.2016609
Hotel VIU Milan,45.488764,9.183057
Crowne Plaza Milan City,45.4896727,9.2006406
Mercure Milano Regency,45.4897688,9.1549451
Hotel Boutique Duomo,45.4909585,9.1614268
Nu Hotel,45.4911829,9.2393614
Antares Hotel Accademia,45.4921089,9.1476806
Best Western Hotel Mirage,45.4947129,9.1418864
Hotel Raffaello,45.494861,9.141551
Atahotel Contessa Jolanda,45.4984161,9.1904375
Hotel Sunflower,45.498503,9.1664111
IH Hotels Milano Gioia,45.49952,9.206138
Milan Suite Hotel,45.5000245,9.1428722
Atahotel Linea Uno,45.50054,9.2208089
DoubleTree By Hilton Milan,45.5005657,9.1383663
Radisson Blu Hotel Milan,45.500667,9.1445874
Ramada Plaza Milano,45.501946,9.2277569
Best Western Antares Hotel Concorde,45.502453,9.2218364
Ibis Styles Milano Palmanova,45.5045259,9.246461
Novotel Milano Nord Ca Granda,45.506502,9.1965192
Acca Palace,45.5099969,9.1739942
Barcel Milan,45.51152,9.1241306
The Hub Hotel,45.5138582,9.1194759
Klima Hotel Milano Fiere,45.5147974,9.116606
Hilton Garden Inn Milan North,45.5161671,9.2272778
Hotel degli Arcimboldi,45.5257221,9.2150033
Starhotels Tourist,45.5266395,9.2131549
Hotel Da Vinci,45.5331372,9.1711019
Hotel Eitlj rg,48.1513676,16.4064709
Am Spiegeln,48.1537005,16.2825822
Arion Cityhotel Vienna und Appartements,48.1585332,16.3451115
Austria Trend Hotel Bosei Wien,48.1629737,16.3404024
Gartenhotel Altmannsdorf Hotel 1,48.1640345,16.3216061
Hilton Garden Inn Vienna South,48.1667886,16.344908
JUFA Hotel Wien,48.1756283,16.4200957
Hotel Parco di Sch nbrunn Vienna,48.1776236,16.3243588
Simm s Hotel,48.1790835,16.4116997
Rainers Hotel Vienna,48.1791893,16.3625367
Hotel Schani Wien,48.1824271,16.3808291
FourSide Hotel Vienna City Center,48.1825159,16.3322428
Hotel Zeitgeist Vienna Hauptbahnhof,48.1829645,16.3776709
AZIMUT Hotel Vienna,48.1834787,16.3762765
Courtyard by Marriott Vienna Schoenbrunn,48.184732,16.3211959
Austria Trend Hotel Doppio Wien,48.1854312,16.404884
Austria Trend Parkhotel Sch nbrunn Wien,48.1866506,16.3023375
Falkensteiner Hotel Wien Margareten,48.1868107,16.3440157
Hotel Prinz Eugen,48.1877258,16.3781454
Club Hotel Cortina,48.1877942,16.2727214
pentahotel Vienna,48.1899743,16.3567007
Austria Trend Hotel Park Royal Palace Vienna,48.191339,16.3165873
Vienna Sporthotel,48.191373,16.4082294
Austria Trend Hotel Ananas Wien,48.1915401,16.3546263
Pakat Suites Hotel,48.19183,16.3770876
Mercure Hotel Raphael Wien,48.1919288,16.3391395
BEST WESTERN PLUS Amedia Wien,48.1923791,16.3994512
Arthotel ANA Prime,48.1925582,16.3576071
Suite Hotel 900 m zur Oper,48.1935235,16.3669145
Holiday Inn Vienna City,48.1935593,16.3616098
Hotel Kavalier,48.1940487,16.2971831
Arthotel ANA Boutique Six,48.1941905,16.3462578
Leonardo Hotel Vienna,48.1945297,16.340327
Austria Trend Hotel Anatol Wien,48.1945774,16.346356
Hotel Johann Strauss,48.1949694,16.3692624
Austria Trend Hotel Savoyen Vienna,48.1950444,16.3844751
Hotel Erzherzog Rainer,48.1953229,16.3672882
NH Wien Belvedere,48.1954348,16.383429
Lindner Hotel Am Belvedere,48.1955998,16.3826989
Eurostars Embassy,48.1964001,16.3958668
IntercityHotel Wien,48.1965878,16.3413729
Imperial Riding School Renaissance Vienna Hotel,48.1966396,16.3863822
Das Triest Hotel,48.1974036,16.3673003
Best Western Premier Kaiserhof Wien,48.1975497,16.3686397
Saint SHERMIN bed breakfast champagne,48.1978409,16.367087
Arthotel ANA Westbahn,48.1979514,16.336318
NH Collection Wien Zentrum,48.1979979,16.3483314
Hotel Mercure Wien Westbahnhof,48.1983543,16.3375246
Hotel Corvinus,48.1990335,16.3525051
Fleming s Conference Hotel Wien,48.1995177,16.3388225
Hotel Am Konzerthaus Vienna MGallery by Sofitel,48.1996129,16.3773546
Hotel Beethoven Wien,48.2000165,16.3641802
NH Wien City,48.2002872,16.3547746
Mercure Secession Wien,48.200561,16.3647063
ARCOTEL Wimberger,48.2006001,16.3386333
Boutiquehotel Das Tyrol,48.2008957,16.3592496
Hotel Imperial A Luxury Collection Hotel,48.2012505,16.3731255
The Ring Vienna s Casual Luxury Hotel,48.2017091,16.3710205
Hotel Am Schubertring,48.2017277,16.375463
InterContinental Wien,48.2019865,16.3789934
Grand Hotel Wien,48.2021105,16.3720841
Grand Ferdinand Vienna Your Hotel In The City Center,48.2022415,16.3749336
The Ritz Carlton Vienna,48.2022742,16.3762615
Hotel Bristol A Luxury Collection Hotel,48.2024907,16.3702656
Das Opernring Hotel,48.2026449,16.3671054
Le Meridien Vienna,48.2027296,16.3661211
K K Hotel Maria Theresia,48.2031622,16.3561999
Hotel ViennArt am Museumsquartier,48.2035677,16.356445
Atlantis Hotel Vienna,48.2037451,16.3356767
Mercure Grand Hotel Biedermeier Wien,48.2038688,16.3887039
Hotel Sacher Wien,48.2038793,16.3698086
Schlosshotel R mischer Kaiser,48.2040859,16.3725046
Hotel Mailberger Hof,48.204183,16.3726664
Austria Trend Hotel Astoria Wien,48.2044655,16.3702399
Hotel Sans Souci Wien,48.204576,16.3563661
Small Luxury Hotel Altstadt Vienna,48.2047761,16.3512515
Falkensteiner Hotel Wien Zentrum Schottenfeld,48.2048494,16.343618
Vienna Marriott Hotel,48.2050967,16.3770928
The Guesthouse Vienna,48.2051299,16.369036
Hotel Am Parkring,48.2056333,16.3778615
Hotel Ambassador,48.2057193,16.3710878
Palais Coburg Residenz,48.2058584,16.3766545
Austria Trend Hotel Europa Wien,48.2062103,16.3710387
Hilton Vienna,48.2062268,16.3833767
25hours Hotel beim MuseumsQuartier,48.2064745,16.3546297
Appartement Hotel an der Riemergasse,48.2071576,16.3765913
Hotel Kaiserin Elisabeth,48.2072348,16.372238
Hotel Rathaus Wein Design,48.2075294,16.3525967
Hotel Royal,48.2078727,16.3724042
Graben Hotel,48.2078955,16.3701084
Hotel Domizil,48.2080479,16.375612
Hotel K nig von Ungarn,48.2082215,16.3751842
Pertschy Palais Hotel,48.2082256,16.3684123
DO CO Hotel Vienna,48.2082385,16.3715725
The Levante Parliament A Design Hotel,48.2083518,16.354532
Mercure Josefshof Wien,48.2085627,16.3541687
Hotel Am Stephansplatz,48.2087646,16.3721138
Hotel Wandl,48.2097026,16.3703902
Steigenberger Hotel Herrenhof,48.2097958,16.3658705
Radisson Blu Style Hotel Vienna,48.2101211,16.3655537
Hotel Lam e,48.2102677,16.3741269
Hotel Topazz,48.210285,16.373579
Hotel Amadeus,48.2104468,16.3715781
Hollmann Beletage Design Boutique,48.2105156,16.3760717
Park Hyatt Vienna,48.2105243,16.3683592
Best Western Hotel Pension Arenberg Wien Zentrum,48.2107358,16.382147
Aparthotel Adagio Vienna City,48.2110845,16.3838405
Hotel Capricorno,48.2111522,16.3788631
Alma Boutique Hotel,48.2112491,16.3776519
Mercure Wien Zentrum,48.2114087,16.3746469
Mercure Vienna First,48.2114567,16.3738677
Hotel Das Tigra,48.2121772,16.3680771
Sofitel Vienna Stephansdom,48.212857,16.37986
Courtyard by Marriott Vienna Prater Messe,48.2130607,16.4133973
Austria Trend Hotel Rathauspark Wien,48.2133054,16.3567884
City Rooms,48.2133296,16.3471399
Novotel Wien City,48.2134246,16.3831309
K K Palais Hotel,48.2138096,16.3714293
Hilton Vienna Danube Waterfront,48.2140659,16.4217627
Hotel Stefanie,48.2142766,16.3801779
Hotel Gallitzinberg,48.2145071,16.2845042
Hotel de France Wien,48.2146623,16.3627994
Exe Vienna,48.2149414,16.3365285
Hotel Mercure Wien City,48.2152663,16.376103
Hilton Vienna Plaza,48.2155236,16.3646858
Palais Hansen Kempinski Vienna,48.2163149,16.3685103
Hotel Regina,48.2163343,16.3595536
Hotel Imlauer Wien,48.2176776,16.3821364
Hotel Nestroy Wien,48.2178332,16.3821636
Der Wilhelmshof,48.2185837,16.3881339
Senator Hotel Vienna,48.2195864,16.3255339
Hotel Vienna,48.2196722,16.3863588
The Harmonie Vienna,48.2199427,16.3598984
Hotel Boltzmann,48.2216779,16.3567111
Hotel Palais Strudlhof,48.2217697,16.3578738
Hotel J ger,48.2238463,16.3138357
Hotel Bellevue Wien,48.2264063,16.3600628
Austria Trend Hotel Lassalle Wien,48.2273013,16.4001791
Hotel Arkadenhof,48.2307014,16.3552189
Melia Vienna,48.231911,16.4129493
ARCOTEL Kaiserwasser Superior,48.231915,16.417026
Park Inn by Radisson Uno City Vienna,48.2340799,16.4210093
NH Danube City,48.2353789,16.4219737
Strandhotel Alte Donau,48.2390022,16.4292329
Hotel Landhaus Fuhrgassl Huber,48.2508693,16.304957
Hotel Schild,48.251195,16.2989165
FourSide Hotel Suites Vienna,48.2565936,16.4031426
Mercure Paris Porte d Orleans,48.8178079,2.3293636
Novotel Paris 14 Porte d Orl ans,48.8196885,2.3263505
Mercure Paris Alesia,48.8237487,2.324056
Best Western Amiral Hotel,48.8252307,2.3569005
Mercure Paris Porte De Versailles Expo,48.8268251,2.2912033
Novotel Suites Paris Expo Porte de Versailles,48.827388,2.305478
Mercure Paris Place d Italie,48.830196,2.3529539
Oceania Paris Porte De Versailles,48.8303023,2.2842872
Best Western Nouvel Orl ans Montparnasse,48.8309896,2.3297301
Pullman Paris Centre Bercy,48.8315204,2.3870797
Paris Marriott Rive Gauche Hotel,48.8315962,2.3399796
Mercure Paris Gobelins Place d Italie,48.8321231,2.3536172
Okko Hotels Paris Porte De Versailles,48.8327729,2.2787597
COQ Hotel Paris,48.8328764,2.3572531
Mercure Vaugirard Paris Porte De Versailles,48.8330649,2.2879617
BoB Hotel by Elegancia,48.8335233,2.3191194
Suites H tel Helzear Montparnasse,48.8346811,2.3255098
Villa Montparnasse,48.8349272,2.3295913
Best Western Bretagne Montparnasse,48.8354314,2.321142
Vice Versa,48.8363819,2.2897793
Villa Lut ce Port Royal,48.8364204,2.3603332
Mercure Paris Bercy Biblioth que,48.8370334,2.372322
Holiday Inn Paris Montparnasse Pasteur,48.8376887,2.3063102
H tel Concorde Montparnasse,48.8381079,2.318669
Mercure Paris 15 Porte de Versailles,48.8382542,2.2903494
Holiday Inn Paris Gare Montparnasse,48.8382916,2.3230188
Pullman Paris Montparnasse,48.8382943,2.3210421
Novotel Paris Centre Bercy,48.8384558,2.3805885
Novotel Paris Centre Gare Montparnasse,48.838484,2.3150904
Seven Hotel,48.8389823,2.3455528
Golden Tulip Bercy Gare de Lyon 209,48.8393229,2.3892274
Hotel Maison FL,48.8396395,2.2663056
H tel Aiglon Esprit de France,48.8396623,2.3300582
H tel Le M,48.8397623,2.3235324
Novotel Paris Vaugirard Montparnasse,48.8399018,2.3031011
Hotel Eden,48.8405612,2.2991035
Mercure Paris Montparnasse Raspail,48.8412131,2.3302954
Hotel Eiffel Blomet,48.8416787,2.3022862
H tel des Academies et des Arts,48.8420669,2.3304091
Hotel OFF Paris Seine,48.8427364,2.3672171
H tel Chaplain Paris Rive Gauche,48.8427564,2.3305636
Relais Saint Jacques,48.8430523,2.3422519
Best Western Allegro Nation,48.8430891,2.4049867
Best Western S vres Montparnasse,48.843707,2.3155631
Hotel Le Six,48.8438352,2.3280708
Hotel Le Sainte Beuve,48.8438998,2.3294858
Mercure Paris Gare De Lyon TGV,48.8442949,2.3730938
Hotel Monge,48.8447938,2.3524462
Molitor Paris MGallery by Sofitel,48.8448902,2.252833
H tel La Parizienne by Elegancia,48.8450894,2.3209503
Hotel Le petit Paris,48.8452789,2.342295
Legend Saint Germain by Elegancia,48.8453774,2.3256427
Novotel Paris Gare De Lyon,48.8453785,2.3753036
Le Littr,48.8454447,2.3242814
H tel Les Dames du Panth on,48.845743,2.34493
Victoria Palace Hotel,48.8457587,2.3243071
Mercure Paris Tour Eiffel Pont Mirabeau,48.8460269,2.2788281
Best Western Plus 61 Paris Nation Hotel,48.8465653,2.4102405
Holiday Inn Paris Gare de Lyon Bastille,48.8468064,2.3714789
Holiday Inn Paris Saint Germain des Pr s,48.846837,2.3258066
Hotel Le Saint Gregoire,48.8471891,2.3260138
Platine Hotel Spa,48.8473459,2.2832408
Hotel Spa La Belle Juliette,48.8474426,2.3223783
First Hotel Paris Tour Eiffel,48.8475112,2.3022198
Grand Hotel Saint Michel,48.8478399,2.342254
Residence Henri IV,48.8481917,2.3490316
Goralska R sidences H tel Paris Bastille,48.8482842,2.3657251
Select Hotel,48.8483053,2.3425596
Hotel Atmospheres,48.8485387,2.3479852
Hotel Trianon Rive Gauche,48.8487675,2.3410376
Villa Panth on,48.8488044,2.3469889
A La Villa Madame,48.8488608,2.3315257
Hotel La Lanterne,48.8489839,2.348383
Le Marceau Bastille,48.8490691,2.3697484
Le Senat,48.8491427,2.3397118
Hotel Les Bulles De Paris,48.849147,2.3471935
Hotel le Lapin Blanc,48.8491801,2.3423357
H tel F licien by Elegancia,48.8493082,2.2743626
Hotel Mercure La Sorbonne Saint Germain des Pr s,48.8493499,2.3430569
Le Parisis Paris Tour Eiffel,48.8494851,2.2955063
Mercure Paris Bastille Saint Antoine,48.849574,2.3798518
H tel Saint Paul Rive Gauche,48.8496819,2.3402806
Best Western Le Jardin de Cluny,48.8497553,2.3467616
Hotel Villa Saxe Eiffel,48.849758,2.3095213
Le Relais M dicis,48.8497618,2.3392336
Hotel Le Placide Saint Germain Des Pr s,48.8498439,2.3244253
Novotel Paris Centre Tour Eiffel,48.8500283,2.2834126
H tel Baume,48.8501522,2.3392782
H tel Gustave,48.8502052,2.289043
Mercure Paris Notre Dame Saint Germain des Pr s,48.8503074,2.3450612
Hotel Ares Eiffel,48.8503276,2.2982022
H tel Recamier,48.8503493,2.3344305
H tel Belloy Saint Germain By Happyculture,48.8503901,2.3422527
Mercure Tour Eiffel Grenelle,48.850448,2.2928845
Auteuil Tour Eiffel,48.8506499,2.2750873
Hotel Odeon Saint Germain,48.8513515,2.3375084
Melia Paris Notre Dame,48.8515198,2.3486511
Hotel Square,48.851589,2.2777274
Hotel Louis 2,48.8516148,2.3381293
Le Marquis Eiffel,48.8516619,2.2979395
Hotel Parc Saint Severin Esprit de France,48.8518584,2.3447798
H tel Le Relais Saint Germain,48.8519208,2.338878
H tel Paris Bastille Boutet MGallery by Sofitel,48.8519215,2.3839993
H tel Du Jeu De Paume,48.8520377,2.3557092
Hotel L Antoine,48.8524215,2.3743832
Royal Saint Michel,48.8528364,2.3440803
Holiday Inn Paris Notre Dame,48.8528427,2.3422256
H tel Madison by MH,48.8531641,2.3344097
Hotel Les Rives de Notre Dame,48.8532269,2.3457159
Victoire Germain,48.853299,2.337993
Hotel Des Saints Peres Esprit de France,48.8534026,2.3299043
Villa d Estr es,48.8535089,2.3425787
Artus Hotel by MH,48.8535639,2.3360169
H tel Exquis by Elegancia,48.8536854,2.3805796
Au Manoir Saint Germain,48.853688,2.3322667
Relais H tel du Vieux Paris,48.8538608,2.3429487
H tel La Comtesse by Elegancia,48.853865,2.3072019
H tel De Buci by MH,48.8538752,2.3366123
Relais Christine,48.8542454,2.339956
Le Tourville Eiffel,48.8542681,2.3078116
H tel Original Paris,48.8546989,2.3691899
H tel Le Walt,48.8547161,2.306642
H tel D Aubusson,48.8547329,2.3395277
Le Cinq Codet,48.8547869,2.3084819
Mercure Paris Centre Tour Eiffel,48.8548641,2.2923181
Mill sime H tel,48.8550236,2.3350786
H tel Bel Ami,48.8550298,2.3332104
H tel de la Bourdonnais,48.8550466,2.304583
Acad mie H tel Saint Germain,48.855263,2.3305901
K K H tel Cayr Saint Germain des Pr s,48.8553117,2.3254628
Hotel La Villa Saint Germain Des Pr s,48.8553486,2.3340736
Novotel Suites Paris Montreuil Vincennes,48.8554268,2.4152555
H tel de Jos phine BONAPARTE,48.8555319,2.3621212
Pullman Paris Tour Eiffel,48.8555664,2.2926243
H tel Duc De St Simon,48.8560685,2.3236846
L H tel,48.8562272,2.3351758
Le Pavillon de la Reine Spa,48.8562725,2.3660412
Le Saint Hotel Paris,48.8565421,2.3303504
H tel Pont Royal,48.8565629,2.3273623
H tel Da Vinci Spa,48.8565778,2.3319767
Hotel Sezz Paris,48.8566336,2.2852607
Hotel Montalembert,48.8567042,2.3277805
H tel de Varenne,48.8570275,2.3170282
Mercure Paris Bastille Marais,48.8571207,2.3805581
Hotel Verneuil Saint Germain,48.8573706,2.3314669
Hotel Dupond Smith,48.857898,2.3571978
H tel Duo,48.8581186,2.3529369
Best Western Premier Trocadero La Tour,48.8583127,2.2795075
Le 7 Eiffel Hotel,48.8585193,2.3077243
H tel de Lille,48.8585626,2.3299138
Villa Beaumarchais,48.8589516,2.3670407
Relais Du Louvre,48.8592264,2.340996
Best Western Tour Eiffel Invalides,48.8593152,2.3104179
H tel Thoumieux,48.8595985,2.3088076
H tel Le Bellechasse Saint Germain,48.8597024,2.3239701
H tel des Ducs D Anjou,48.8598229,2.347111
Hotel Saint Dominique,48.8599998,2.3087425
H tel Bourgogne Montana by MH,48.8601927,2.318423
Best Western Ducs de Bourgogne,48.8603483,2.3440535
Hotel d Orsay Esprit de France,48.8603599,2.3230778
Derby Alma,48.8605031,2.3006606
Le Narcisse Blanc Spa,48.8605125,2.3106533
Les Jardins Du Marais,48.8605219,2.3680239
Maison Albar Hotel Paris C line,48.8606187,2.344401
Novotel Paris Les Halles,48.8607299,2.3465326
L Empire Paris,48.8607764,2.3427564
Gardette Park Hotel,48.8610265,2.3788974
Boutique H tel Konfidentiel,48.8612535,2.3426256
Eiffel Trocad ro,48.8613055,2.2862823
Hotel du Petit Moulin,48.8615843,2.3620652
Best Western Premier Louvre Saint Honor,48.861711,2.340674
H tel Juliana Paris,48.8619373,2.3040298
Snob Hotel by Elegancia,48.8622723,2.3495707
H tel Fabric,48.8629329,2.3723823
Grand H tel Du Palais Royal,48.8630829,2.3378592
Hotel Georgette,48.8632723,2.352691
My Home In Paris,48.8636049,2.3688352
La Chambre du Marais,48.8636168,2.3607998
Shangri La Hotel Paris,48.8637135,2.2934759
H tel Regina,48.8637503,2.3320406
Hotel Les Bains Paris,48.863828,2.3519345
1K Hotel,48.8639318,2.3658744
Hotel du Louvre in the Unbound Collection by Hyatt,48.8639788,2.3352615
Saint James Albany Paris Hotel Spa,48.8642689,2.3308179
Drawing Hotel,48.8644382,2.3359148
Hotel Louvre Montana,48.8644627,2.3318473
H tel Crayon Rouge by Elegancia,48.8644967,2.3405415
Le Pradey,48.8645309,2.3315532
Plaza Tour Eiffel,48.8645647,2.2821827
La Clef Tour Eiffel,48.8647019,2.2886425
H tel de La Tamise Esprit de France,48.8648656,2.3295756
Victoires Opera,48.8648997,2.3469433
H tel Brighton Esprit de France,48.8649306,2.3290844
Melia Paris Tour Eiffel,48.8651994,2.3045076
Hotel Lumen Paris Louvre,48.8652582,2.3329632
Le Meurice,48.8653685,2.328218
Renaissance Paris Vendome Hotel,48.8654532,2.3295231
Hotel Montaigne,48.865467,2.3038811
Hotel Duminy Vendome,48.8654726,2.3292934
Nolinski Paris,48.8654874,2.3348924
H tel Moli re,48.8655293,2.3360102
Le Metropolitan a Tribute Portfolio Hotel,48.8656973,2.2829776
The Westin Paris Vend me,48.8657394,2.3274415
Residence Du Roy,48.8657687,2.3090386
Royal Saint Honore,48.8658792,2.3298903
Hotel Le Mareuil,48.8659899,2.3674149
H tel Mayfair Paris,48.8661363,2.3260648
Hotel des Tuileries Relais du Silence,48.8661705,2.331561
Hotel Plaza Athenee Paris,48.8661932,2.3042141
Le Roch Hotel Spa,48.8661991,2.3328826
Golden Tulip Washington Opera,48.866242,2.3373169
Le G n ral H tel,48.8662695,2.3668616
Sofitel Paris Baltimore Tour Eiffel,48.8663089,2.289609
Hotel Bachaumont,48.8663208,2.3450399
Le Dokhan s a Tribute Portfolio Hotel,48.8663359,2.2867935
Garden Elys e,48.8663444,2.2881979
Hotel Cambon,48.866435,2.3251076
H tel San R gis,48.8665788,2.3084447
La Maison Champs Elys es,48.866676,2.3089908
Chambiges Elys es,48.8668048,2.3039465
Melia Paris Vendome,48.8668228,2.3257729
H tel De Vend me,48.8668564,2.3286339
La Tremoille Paris,48.8668589,2.3028215
Hotel West End,48.8671391,2.3038447
Mandarin Oriental Paris,48.8671889,2.326927
Hotel Malte Astotel,48.8672474,2.33738
H tel Waldorf Trocad ro,48.8672694,2.2878666
Renaissance Paris Le Parc Trocadero Hotel,48.8673099,2.2856528
Crowne Plaza Paris R publique,48.8673199,2.3656296
Little Palace Hotel,48.8675674,2.3539896
Le 123 S bastopol Astotel,48.8675886,2.3531018
Franklin Roosevelt,48.8678432,2.3033075
Ritz Paris,48.8679466,2.3289593
Le Burgundy Paris,48.8680055,2.3260075
Hotel Stendhal Place Vend me Paris MGallery by Sofitel,48.8681455,2.3313064
Castille Paris Starhotels Collezione,48.8682978,2.3268027
Edouard 7 Paris Op ra,48.8683133,2.3330851
H tel De Sers Champs Elys es Paris,48.8683593,2.3002117
Sofitel Paris Le Faubourg,48.868414,2.3213247
H tel Square Louvois,48.8684165,2.336869
Hotel Claridge Paris,48.8684243,2.3036244
H tel Mansart Esprit de France,48.8684776,2.3298238
Hotel Marignan Champs Elys es,48.8685093,2.3067895
Elys es R gencia,48.8686434,2.2984054
Hotel Op ra Richepanse,48.8686931,2.325211
Best Western Premier Marais Grands Boulevards,48.8687425,2.3541761
Four Seasons Hotel George V Paris,48.8687512,2.3001692
Renaissance Paris Republique Hotel Spa,48.8687804,2.3610196
Park Hyatt Paris Vendome,48.8688155,2.3305236
Melia Paris Champs Elys es,48.8688962,2.2827459
Hotel Elys es Bassano,48.8689307,2.2974503
Chateau Frontenac,48.8689468,2.3026559
Lyric H tel Paris,48.8690126,2.3368708
H tel Victor Hugo Paris Kl ber,48.8690198,2.2891278
Bassano,48.8690596,2.2971078
Pershing Hall,48.8691325,2.3021659
Suites H tel Helzear Champs Elys es,48.8691399,2.2981024
H tel Powers,48.8691409,2.3031503
Prince de Galles a Luxury Collection hotel Paris,48.869143,2.3006526
H tel Horset Op ra Best Western Premier Collection,48.8691686,2.3337818
H tel De Castiglione,48.8691758,2.3205807
Le Belmont Champs Elys es,48.8691984,2.2979052
H tel France d Antin Op ra,48.8692566,2.3339369
H tel Westminster,48.8693409,2.3310263
Buddha Bar Hotel Paris,48.8694695,2.3208564
Hotel Oscar,48.8694755,2.3046954
Hotel Les Th tres,48.8694768,2.3515065
Golden Tulip Opera de Noailles,48.8696173,2.3346428
MARQUIS Faubourg St Honor Relais Ch teaux,48.8698184,2.3208729
H tel Keppler,48.8699103,2.2973386
Mercure Paris Champs Elys es,48.8699731,2.2909401
H tel Mathis Elys es,48.8700325,2.3112736
Best Western Plus Elys e Secret,48.8701247,2.311141
Francois 1er,48.8701887,2.2997281
Majestic Hotel Spa,48.8703672,2.2938868
Hotel Scribe Paris Opera by Sofitel,48.8704175,2.3296832
Hotel Indigo Paris Opera,48.8704371,2.329236
Hotel de Seze,48.8705741,2.3264194
InterContinental Paris Avenue Marceau,48.8706373,2.2982095
La Maison Favart,48.870808,2.3372737
InterContinental Paris Le Grand,48.8708391,2.3303651
9Hotel Republique,48.8708419,2.3605864
H tel Regina Op ra Grands Boulevards,48.8708508,2.3515882
H tel Saint Marc,48.8708863,2.3382128
H tel Beauchamps,48.87096,2.3091617
Le Relais Madeleine,48.870961,2.3267678
Splendide Royal Paris,48.8709627,2.3154141
Amarante Beau Manoir,48.870994,2.3235329
Madeleine Plaza,48.8710402,2.3248014
Hotel The Peninsula Paris,48.8710605,2.2933537
H tel Barri re Le Fouquet s,48.8710709,2.3013119
Mercure Paris Opera Louvre,48.8710895,2.3393461
Paris Marriott Champs Elysees Hotel,48.8711365,2.3050482
H tel du Minist re,48.8712877,2.3191903
Hotel Le Pera,48.871309,2.3277079
H tel Raphael,48.8713239,2.2937849
Hotel Maison Ath n e,48.8713421,2.3280723
TRYP Paris Op ra,48.8713619,2.3426375
Le Pavillon des Lettres,48.8713699,2.3181191
Newhotel Roblin,48.8714152,2.3239679
H tel Elysees Mermoz,48.8715079,2.3122259
Holiday Inn Paris Op ra Grands Boulevards,48.8715469,2.3439622
Waldorf Madeleine,48.8715828,2.3224853
The Chess Hotel,48.8716017,2.3349768
H tel Amastan Paris,48.8716831,2.3123759
Hotel Vignon,48.8717146,2.3261812
Op ra Marigny,48.871723,2.3235377
Amarante Champs Elys es,48.8717649,2.2983855
Hotel Astra Opera Astotel,48.8718321,2.3278866
H tel Vernet,48.871859,2.2978177
Radisson Blu Champs Elys es Paris,48.8719212,2.2971404
W Paris Op ra,48.8719697,2.3316014
H tel L Echiquier Op ra Paris MGallery by Sofitel,48.8719889,2.3492913
H tel Bedford,48.8720593,2.3236802
H tel Ad le Jules,48.8721062,2.3451384
Hotel Chavanel,48.8721692,2.3262681
Hotel Saint Petersbourg Opera,48.872174,2.328075
Warwick Paris Former Warwick Champs Elysees,48.8722019,2.3030866
Best Western Premier Op ra Opal,48.8722588,2.3257608
H tel des Champs Elys es,48.8722884,2.3090359
H tel Lancaster Paris Champs Elys es,48.8723438,2.3033378
Le A,48.8723844,2.3088663
Millennium Hotel Paris Opera,48.8724588,2.3378004
Rochester Champs Elysees,48.8724945,2.3091549
H tel Le Marianne,48.8725794,2.3075779
H tel California Champs Elys es,48.8726335,2.3048084
H tel Cristal Champs Elys es,48.8726814,2.3020866
Hotel Astor Saint Honor,48.8728324,2.3193886
Paris Marriott Opera Ambassador Hotel,48.8728351,2.3362507
Hotel Daniel Paris,48.8728492,2.3073663
Mercure Paris Op ra Faubourg Montmartre,48.8729639,2.3444899
Hotel Royal Elys es,48.8729666,2.2926226
Bradford Elys es Astotel,48.8729676,2.3081178
Holiday Inn Paris Elys es,48.8730437,2.3161144
Best Western Aulivia Op ra,48.8730552,2.3540112
Le 123 Elysees Astotel,48.8730823,2.309659
Hotel Pulitzer Paris,48.8731996,2.3425446
Le Mathurin Hotel Spa,48.8732068,2.3239015
Villa Opera Drouot,48.8732231,2.3436097
Hotel Panache,48.8732543,2.343239
H tel Diva Opera,48.8732706,2.3450746
H tel Balzac,48.8732785,2.3004174
Hotel de Nell,48.8732788,2.3466576
Windsor Opera,48.8734851,2.3485111
Hotel Monsieur,48.8735135,2.3217457
Atala Champs Elys es,48.8735418,2.302442
Banke H tel,48.8735736,2.335965
H tel Champs lys es Plaza,48.8737043,2.3061477
Le Lavoisier,48.8737702,2.3201063
Maxim Op ra,48.8738557,2.3444232
Hotel De Vigny,48.8738672,2.3005894
Royal Hotel Champs Elys es,48.8740463,2.300196
Mercure Paris Opera Grands Boulevards,48.8740668,2.3502172
Nell Hotel Suites,48.8741002,2.3426357
Monsieur Cadet Hotel Spa Ex Meyerhold Spa,48.8742767,2.3426276
Monhotel Lounge SPA,48.8743481,2.2897334
Napoleon Paris,48.8743885,2.2980915
Hotel Park Lane Paris,48.8745879,2.3188143
Arioso,48.8746066,2.3167195
Hotel Plaza Elys es,48.8746128,2.3056956
Splendid Etoile,48.874707,2.2936761
Montfleuri,48.8747153,2.2906388
H tel Monna Lisa Champs Elys es,48.874853,2.3245798
Mercure Paris Opera Garnier,48.8749511,2.3259532
Hotel Eug ne en Ville,48.8750119,2.3416769
Hotel Champs Elys es Friedland by Happyculture,48.8750848,2.3048372
Sofitel Paris Arc De Triomphe,48.8751845,2.3013214
Duret,48.8752553,2.286653
Best Western Premier Op ra Faubourg Ex Hotel Jules,48.8753359,2.3414617
La Villa Haussmann,48.8753446,2.3167161
Maison Albar H tel Paris Champs Elys es ex Mac Mahon,48.8753837,2.2944651
Hotel Opera Cadet,48.8754371,2.3434586
La Villa Maillot,48.875551,2.2835191
H tel Le Royal Monceau Raffles Paris,48.8756359,2.3004967
Belfast,48.8756435,2.2938788
H tel Etoile Saint Honor by Happyculture,48.8756508,2.3041568
Hilton Paris Opera,48.8756604,2.3252075
L Hotel Pergol se Paris,48.8756618,2.2863468
Royal Garden Champs Elysees,48.8757155,2.3038781
Holiday Inn Paris Gare de l Est,48.8758981,2.3590504
Le Grand H tel de Normandie,48.8759461,2.3270955
Balmoral Champs Elys es,48.8759855,2.293938
Hotel Villa Lafayette Paris IX,48.8760884,2.3456465
Le Marcel,48.8761376,2.3572681
Les Plumes Hotel,48.8766269,2.3432886
Phileas Hotel,48.8768854,2.3270623
Hotel du Collectionneur Arc de Triomphe,48.8769204,2.3069132
Renaissance Paris Arc de Triomphe Hotel,48.8772093,2.2968266
Hotel Mademoiselle,48.8772493,2.3543043
Hidden Hotel by Elegancia,48.8775326,2.293458
Best Western Premier Faubourg 88,48.8776756,2.3493159
Le Tsuba Hotel,48.8777621,2.293177
Etoile Saint Ferdinand,48.8777895,2.2872498
Hotel Le 10 BIS,48.8780363,2.2864907
Mercure Paris Arc de Triomphe Etoile,48.8782679,2.294852
H tel Arvor Saint Georges,48.8785454,2.3384866
Les Matins de Paris Spa,48.878932,2.3394182
Hotel Tour d Auvergne Opera,48.8789432,2.3448623
Hotel Whistler,48.879314,2.3560185
H tel Hor,48.8793427,2.3577745
Villa Alessandra,48.8794223,2.2957628
Le M ridien Etoile,48.8794646,2.2849548
Timhotel Op ra Grands Magasins,48.8794682,2.3334957
Mercure Paris Terminus Nord,48.8794843,2.3556545
Idol Hotel,48.8795369,2.3202966
Best Western Premier Op ra Li ge,48.8795947,2.3280695
Ibis Styles Paris Gare Saint Lazare,48.8796596,2.3209155
Best Western Premier Le Swann,48.8797331,2.3206003
H tel Regent s Garden,48.8797513,2.2919634
H tel R de Paris Boutique Hotel,48.8799239,2.3288332
Trinit Haussmann,48.8800565,2.3342353
Les Jardins De La Villa Spa,48.8801757,2.2859534
Hyatt Regency Paris Etoile,48.8802782,2.2843852
La Villa des Ternes,48.8803479,2.2858242
Best Western Paris Gare Saint Lazare,48.8803752,2.319591
Grand Pigalle Hotel,48.880856,2.3375085
Hotel Monceau Wagram,48.8808779,2.2989756
Westside Arc de Triomphe Hotel,48.8811741,2.2948337
Hotel Design Secret de Paris,48.8814056,2.3282568
Le Grey Hotel,48.881407,2.3274204
Best Western Premier Kapital Op ra,48.8814425,2.3235592
Le Pigalle Hotel,48.8816073,2.3371648
H tel Th r se,48.8816306,2.2992146
Hotel Carlton s Montmartre,48.8819068,2.3410005
AC Hotel Paris Porte Maillot by Marriott,48.8820046,2.2818538
R Kipling by Happyculture,48.8820838,2.3315849
La Villa Royale,48.8821595,2.3367444
L Edmond H tel,48.8823111,2.3132374
H tel Jos phine by Happyculture,48.8823141,2.3316688
Mercure Paris Pigalle Sacre Coeur,48.8823398,2.3364764
Timhotel Op ra Blanche Fontaine,48.8825781,2.3334805
XO Hotel,48.8827492,2.2982782
Hotel Le Chat Noir,48.8836255,2.3340538
B Montmartre,48.883631,2.3257643
Maison Souquet,48.88366,2.3313845
Mercure Paris 17 me Saint Lazare Monceau,48.8837472,2.3186342
Hotel Le Squara,48.884165,2.3328261
Best Western Mercedes Arc de Triomphe,48.8848292,2.3035189
Amp re,48.8848583,2.2997023
Mercure Paris Montmartre Sacr Coeur,48.8852794,2.3301021
Le Relais Montmartre,48.8854538,2.3335809
H tel de Banville,48.8864673,2.2948911
Terrass H tel Montmartre by MH,48.8865626,2.3329648
Kube Hotel Ice Bar,48.88657,2.3588332
H tel Montmartre Mon Amour,48.886687,2.3449332
Best Western Plus de Neuville Arc de Triomphe,48.8869128,2.3004034
Best Western Op ra Batignolles,48.8870573,2.3143297
Villa Eugenie,48.8871283,2.314205
Best Western Hotel Montmartre Sacr Coeur,48.888539,2.3498459
Mercure Paris 19 Philharmonie La Villette,48.8886969,2.3945403
D clic Hotel,48.8908018,2.3380204
Novotel Paris 17,48.8920485,2.3023791
Best Western Le 18 Paris,48.8966167,2.3434843
Forest Hill Paris la Villette,48.8969854,2.3852745
Novotel Suites Paris Nord 18 me,48.9015941,2.3597783
The Justin James Hotel,51.4202661,-0.211268
Hotel du Vin Cannizaro House Wimbledon,51.4242413,-0.2293503
The Lodge Hotel Putney,51.4572991,-0.2055425
The Victoria,51.4611219,-0.2756216
Crowne Plaza London Battersea,51.4689559,-0.1787256
Rafayel Hotel Spa,51.4703604,-0.1779869
Doubletree By Hilton London Greenwich,51.474469,-0.019428
DoubleTree by Hilton London Chelsea,51.475172,-0.1870629
The Chelsea Harbour Hotel,51.4756558,-0.1813888
Novotel London Greenwich,51.4778583,-0.0137463
Innkeeper s Lodge London Greenwich,51.4801631,-0.0097201
De Vere Devonport House,51.480672,-0.0071375
Pestana Chelsea Bridge Hotel Spa,51.4815995,-0.1481053
Millennium Copthorne Hotels at Chelsea Football Club,51.481663,-0.1909565
Staybridge Suites London Vauxhall,51.4891226,-0.1205639
Blakes Hotel,51.4892447,-0.1803196
The Belgrave Hotel,51.4901051,-0.1381355
Windermere Hotel,51.4903724,-0.1459218
Georgian House Hotel,51.490724,-0.143868
Best Western The Boltons Hotel London Kensington,51.4907493,-0.1934627
Sydney House Chelsea,51.4910062,-0.1717691
Eccleston Square Hotel,51.4911924,-0.1449474
Park Plaza London Riverbank,51.4913737,-0.1214194
Twenty Nevern Square Hotel,51.4915712,-0.1963192
The Cranley Hotel,51.4916378,-0.1832833
Mayflower Hotel Apartments,51.4916677,-0.1947475
San Domenico House,51.4917798,-0.1616049
K K Hotel George,51.4918878,-0.1949706
My Chelsea,51.4919083,-0.1684398
Novotel London West,51.4919588,-0.2200956
Hotel Indigo London Kensington,51.4920287,-0.1917801
Henley House Hotel,51.4922348,-0.1914229
Clayton Hotel Chiswick,51.4924184,-0.2784701
Doubletree by Hilton London Kensington,51.4925138,-0.1787917
The Kensington Hotel,51.4925478,-0.1780611
Best Western Plus Seraphine Hammersmith Hotel,51.4926269,-0.2288598
Sloane Square Hotel,51.4927325,-0.1573708
Bentley London,51.4928147,-0.1841753
Draycott Hotel,51.4930097,-0.159715
Number Sixteen,51.4930905,-0.1755022
The Nadler Kensington,51.4931086,-0.190208
DoubleTree by Hilton London Westminster,51.4932356,-0.1269082
Adria Boutique Hotel,51.4933372,-0.1788931
St Paul s Hotel,51.4934752,-0.2153256
Millennium Gloucester Hotel London,51.4935083,-0.1834346
11 Cadogan Gardens,51.4936161,-0.1592347
Chiswick Rooms,51.4937409,-0.244896
Park Grand London Kensington,51.4938468,-0.1917582
The Bailey s Hotel London,51.4938733,-0.1824963
DoubleTree by Hilton London Victoria,51.49398,-0.143372
Hotel Moonlight,51.4940285,-0.1910497
Holiday Inn London Kensington Forum,51.4942305,-0.1851141
Park Plaza Victoria London,51.4942539,-0.1414756
Grange Rochester Hotel,51.4942654,-0.1366026
The Ampersand Hotel,51.4943077,-0.1755579
The Pelham Starhotels Collezione,51.4943935,-0.1750169
Grange Wellington Hotel,51.4944319,-0.1363756
London Marriott Hotel Kensington,51.4944849,-0.1884174
Simply Rooms Suites,51.4944875,-0.2070605
Park International Hotel,51.4945144,-0.1866172
Ashburn Hotel,51.4945522,-0.1861213
Hotel Xenia Autograph Collection,51.4946905,-0.1910197
The Exhibitionist Hotel,51.4947754,-0.177789
The Rockwell,51.4948059,-0.1926525
Gainsborough Hotel,51.4948416,-0.1772056
Novotel London Waterloo,51.4948465,-0.1187481
NH London Kensington,51.4948507,-0.1945544
Mercure London Kensington Hotel,51.4950098,-0.1906195
Crowne Plaza London Kensington,51.495179,-0.183827
Radisson Blu Edwardian Vanderbilt,51.4953691,-0.1818966
The Park City Grand Plaza Kensington Hotel,51.4954976,-0.1893691
The Grosvenor,51.4956657,-0.1452793
Rydges Kensington Hotel,51.4956883,-0.1827878
The Tophams Hotel,51.4957436,-0.1477528
Grange Strathmore Hotel,51.4958184,-0.1813958
The Rembrandt,51.4959227,-0.1702917
The Franklin Hotel Starhotels Collezione,51.4960283,-0.1686355
Fifty Four Boutique Hotel,51.4963008,-0.1796853
Hilton London Olympia,51.4967399,-0.2064723
Egerton House,51.4968406,-0.1675498
The Hari London,51.4973203,-0.1562558
Jumeirah Carlton Tower,51.4973568,-0.1576728
The Goring,51.4975621,-0.145551
The Beaufort,51.4978466,-0.164156
Knightsbridge Hotel,51.4980052,-0.1643238
The Queens Gate Hotel,51.4981225,-0.1799693
Rubens At The Palace,51.4981471,-0.1436492
Park Plaza London Waterloo,51.4982412,-0.1134715
St James Court A Taj Hotel London,51.4986732,-0.1376867
Taj 51 Buckingham Gate Suites and Residences,51.498861,-0.1374897
H10 London Waterloo,51.4988817,-0.1062888
COMO The Halkin,51.4988977,-0.1562015
St Ermin s Hotel Autograph Collection,51.498905,-0.1339093
The Nadler Victoria,51.4990259,-0.1427453
Copthorne Tara Hotel London Kensington,51.499046,-0.1917073
Marlin Waterloo,51.4990953,-0.1132136
Bermondsey Square Hotel A Bespoke Hotel,51.4991134,-0.0790969
88 Studios,51.4992789,-0.2090733
Best Western Seraphine Kensington Olympia,51.4992791,-0.1973593
Jumeirah Lowndes Hotel,51.4993652,-0.1576613
Conrad London St James,51.4993927,-0.1329128
The Capital,51.4997486,-0.1615242
The Levin Hotel,51.4998574,-0.161717
Millennium Hotel London Knightsbridge,51.4999683,-0.1599927
Holiday Inn London Kensington,51.499981,-0.1928791
The Gore Hotel Starhotels Collezione,51.5001979,-0.1795357
Hilton London Canary Wharf,51.5007324,-0.01655
Park Plaza Westminster Bridge London,51.5009609,-0.1165913
Novotel London Canary Wharf,51.5011704,-0.0232607
Kensington House Hotel,51.5012329,-0.1859937
K West Hotel Spa,51.5013149,-0.2174459
Park Plaza County Hall London,51.5014001,-0.1160092
The Park Tower Knightsbridge a Luxury Collection Hotel,51.5014191,-0.1625805
Bulgari Hotel London,51.5015721,-0.1628511
London Marriott Hotel County Hall,51.5016102,-0.1191545
Baglioni Hotel London The Leading Hotels of the World,51.5017224,-0.1846243
Britannia International Hotel Canary Wharf,51.5019097,-0.0232208
Milestone Hotel Kensington,51.5020425,-0.1866541
The Berkeley,51.5020912,-0.1577795
Seraphine Kensington Gardens Hotel,51.5021027,-0.187901
Mandarin Oriental Hyde Park London,51.5022081,-0.1599428
Intercontinental London The O2,51.5024348,-0.0002497
The Wellesley Knightsbridge a Luxury Collection Hotel London,51.502485,-0.1539265
Royal Garden Hotel,51.5027022,-0.1882164
The Lanesborough,51.50303,-0.15242
The LaLit London,51.5032524,-0.078179
InterContinental London Park Lane,51.5038632,-0.1504132
Dorsett Shepherds Bush,51.5039399,-0.2244232
DoubleTree by Hilton London Docklands Riverside,51.5043483,-0.0334436
Four Seasons Hotel London at Park Lane,51.504439,-0.149911
Shangri La Hotel at The Shard London,51.5044972,-0.0855562
W12 Rooms,51.5045326,-0.2191174
Corinthia Hotel London,51.5045583,-0.1262584
Hilton London Tower Bridge,51.504575,-0.082675
The Athenaeum,51.504716,-0.1475618
Novotel London Blackfriars,51.5050165,-0.1049831
COMO Metropolitan London,51.5050355,-0.1500864
Hilton London Kensington Hotel,51.5051084,-0.213266
citizenM London Bankside,51.5051507,-0.1004724
London Bridge Hotel,51.5052188,-0.088166
Mercure London Bridge,51.5052587,-0.099176
The Royal Horseguards,51.5054185,-0.1241499
Shepherd s Bush Boutique Hotel,51.5054544,-0.2262216
Novotel London City South,51.5054832,-0.0951196
Dukes Hotel,51.5055381,-0.1396885
London Hilton on Park Lane,51.5055513,-0.1501698
Hilton London Bankside,51.5056956,-0.101525
The Stafford London,51.5059087,-0.1403795
Park Lane Mews Hotel,51.5059334,-0.1489418
Washington Mayfair Hotel,51.5060237,-0.151078
St James Hotel Club Mayfair,51.5061587,-0.1402803
45 Park Lane Dorchester Collection,51.5063709,-0.1515359
Hilton London Green Park,51.5064534,-0.1456146
Flemings Mayfair,51.5064607,-0.1454198
The Tower A Guoman Hotel,51.5064721,-0.0716893
Radisson Blu Edwardian New Providence Wharf,51.5065578,-0.004514
Canary Riverside Plaza Hotel,51.5066991,-0.0280208
The Grand at Trafalgar Square,51.506935,-0.126012
The Ritz London,51.5069446,-0.1415776
London Marriott Hotel West India Quay,51.5072713,-0.0211213
The Trafalgar Hilton,51.507374,-0.129135
DoubleTree By Hilton London Excel,51.507377,0.038657
The Dorchester Dorchester Collection,51.5074007,-0.1524593
Sofitel London St James,51.5076044,-0.132266
The Chesterfield Mayfair,51.5076899,-0.1471358
Novotel London Excel,51.5077198,0.0229805
The Cavendish London,51.5077459,-0.1378733
Holiday Inn London Mayfair,51.507746,-0.1422993
The May Fair Hotel,51.5078943,-0.1436707
The Kings Head Hotel,51.5079153,-0.2730145
Grosvenor House A JW Marriott Hotel,51.5082019,-0.1545589
Amba Hotel Charing Cross,51.508236,-0.1261963
Crowne Plaza London Docklands,51.5083537,0.0198855
Aloft London Excel,51.5083719,0.0355768
Mondrian London,51.5084036,-0.1067988
Good Hotel London,51.5084195,0.0253216
Haymarket Hotel,51.5084595,-0.1311382
Rocco Forte Brown s Hotel,51.5090558,-0.1421661
Lansbury Heritage Hotel,51.5090985,-0.0157302
Thistle Trafalgar Square The Royal Trafalgar,51.509133,-0.130189
Sheraton Grand London Park Lane,51.5092876,-0.1370062
Le Meridien Piccadilly,51.5094835,-0.1362538
The Laslett,51.5095259,-0.1967234
Grosvenor House Suites by Jumeirah Living,51.509841,-0.1552193
Radisson Blu Edwardian Hampshire,51.509963,-0.129797
DoubleTree by Hilton London Hyde Park,51.5100362,-0.190657
Hotel Cafe Royal,51.5100916,-0.1359431
The Abbey Court Notting Hill,51.5101401,-0.1968951
every hotel Piccadilly,51.5101462,-0.1315061
The Connaught,51.5101556,-0.1496314
citizenM Tower of London,51.510237,-0.0764428
Hilton London Hyde Park,51.51046,-0.1875844
Apex City Of London Hotel,51.5104624,-0.0795502
St Martins Lane A Morgans Original,51.5104696,-0.1265824
Millennium Hotel London Mayfair,51.510574,-0.1509951
Novotel London Tower Bridge,51.5106538,-0.0773676
DoubleTree by Hilton Hotel London Tower of London,51.5108412,-0.0780581
W London Leicester Square,51.510843,-0.1314287
Thistle Kensington Gardens,51.5108439,-0.1839074
The Henrietta Hotel,51.5109079,-0.1238221
Grand Royale London Hyde Park,51.5109945,-0.1863417
Grange City Hotel,51.5110114,-0.0771251
Strand Palace Hotel,51.5110993,-0.1208673
Ham Yard Hotel,51.511174,-0.1349904
The Savoy,51.5111922,-0.1194006
Thistle Hyde Park,51.5112451,-0.1808938
DoubleTree by Hilton London Ealing,51.511521,-0.290706
Grange Tower Bridge Hotel,51.5115509,-0.0714919
London Marriott Hotel Grosvenor Square,51.511579,-0.1500193
Karma Sanctum Soho Hotel,51.5116049,-0.1383145
One Aldwych,51.5117832,-0.1194172
Hotel Xanadu,51.5117907,-0.306071
ME London by Melia,51.511879,-0.118552
Corus Hotel Hyde Park,51.5119446,-0.179939
Best Western Mornington Hotel Hyde Park,51.5119933,-0.1782794
London Elizabeth Hotel,51.5120219,-0.1762414
The Piccadilly London West End,51.5121957,-0.1318384
Crowne Plaza London The City,51.5122429,-0.1045036
The Chamberlain,51.5122457,-0.0757326
The Portobello Hotel,51.512257,-0.2034244
Shaftesbury Hyde Park International,51.5123968,-0.186124
Commodore Hotel,51.5124496,-0.1795215
Henry VIII,51.5124655,-0.182274
Claridge s,51.5125035,-0.1477438
Arbor Hyde Park,51.5126488,-0.1803795
La Suite West Hyde Park,51.5126758,-0.1867828
The Premier Notting Hill,51.5127453,-0.1926437
Grange St Paul s Hotel,51.5127625,-0.0997157
Club Quarters Hotel Gracechurch,51.5127964,-0.0847973
Hotel Indigo London Tower Hill,51.5128032,-0.07586
Blakemore Hyde Park,51.5129736,-0.1837431
The Beaumont Hotel,51.513055,-0.152257
The Westbourne Hyde Park,51.5131074,-0.1778707
London Marriott Hotel Park Lane,51.5131428,-0.1576714
The Waldorf Hilton,51.5131979,-0.1174504
Park Grand London Lancaster Gate,51.5132069,-0.1807816
New Linden Hotel,51.5133832,-0.1926617
Caesar Hotel,51.5134603,-0.1833081
Park Grand Paddington Court,51.5135555,-0.180002
The Ned,51.5135929,-0.0907833
Apex Temple Court Hotel,51.5137335,-0.1087512
Paddington Court Executive Rooms,51.5138357,-0.1797976
Radisson Blu Edwardian Mercer Street,51.5139275,-0.1271506
Club Quarters Hotel St Paul s,51.5139298,-0.101126
Fielding Hotel,51.5139315,-0.1219893
The Cleveland,51.5139692,-0.1828202
The Soho Hotel,51.5139805,-0.1337948
Threadneedles Autograph Collection,51.5140208,-0.0854919
Mimi s Hotel Soho,51.5140329,-0.1320651
The Drayton Court Hotel,51.5141842,-0.3192925
The Royal Park Hotel,51.5142054,-0.1766098
The Park Grand London Paddington,51.5142184,-0.1809032
Hazlitt s,51.5143447,-0.1318157
Courthouse Hotel London,51.5143624,-0.1394483
Amba Hotel Marble Arch,51.5144004,-0.1565506
Radisson Blu Edwardian Sussex,51.5144381,-0.1558337
The Westbury A Luxury Collection Hotel Mayfair London,51.5144418,-0.146432
DoubleTree by Hilton Hotel London Marble Arch,51.514573,-0.15666
Covent Garden Hotel,51.5145986,-0.1270336
Radisson Blu Edwardian Berkshire,51.5146025,-0.1481978
The Leonard Hotel,51.5147071,-0.1578291
The Nadler Soho,51.5147387,-0.1341108
The Zetter Townhouse Marylebone,51.514839,-0.1586656
The Cumberland A Guoman Hotel,51.514879,-0.1606501
Great St Helen Hotel,51.5149583,-0.0823869
The Montcalm Marble Arch,51.5150522,-0.159239
Hotel Indigo London Paddington,51.5150534,-0.1739974
Mercure London Hyde Park,51.5151149,-0.1743857
The Marble Arch London,51.5151247,-0.1600656
The Sumner Hotel,51.5152892,-0.160898
Shaftesbury Premier London Paddington,51.5153672,-0.1783271
Holiday Inn London Whitechapel,51.5154006,-0.0572364
Hilton London Paddington,51.515632,-0.175737
Hyatt Regency London The Churchill,51.5156471,-0.1572443
Park Grand London Hyde Park,51.5157316,-0.1802179
Shaftesbury Suites London Marble Arch,51.515755,-0.1603335
Kingsway Hall Hotel,51.5158643,-0.1200625
The Arch London,51.5159214,-0.1598794
Apex London Wall Hotel,51.5160484,-0.0880181
Club Quarters Hotel Lincoln s Inn Fields,51.5160988,-0.1181749
Mercure London Paddington Hotel,51.5161139,-0.1749521
The Whitechapel,51.5161286,-0.0624458
Radisson Blu Portman Hotel London,51.5161911,-0.1579487
Norfolk Towers Paddington,51.5162883,-0.1721078
London Marriott Hotel Marble Arch,51.5163841,-0.1635764
The Mandeville Hotel,51.5165165,-0.1509735
Arbor City,51.5166755,-0.0697897
Shaftesbury Metropolis London Hyde Park,51.5166887,-0.1706147
The London EDITION,51.5167472,-0.135965
Holiday Inn London Oxford Circus,51.516843,-0.1495574
The Bloomsbury Hotel,51.5171671,-0.1290534
The Hoxton Holborn,51.5172398,-0.1220324
Andaz London Liverpool Street,51.5172825,-0.0812451
Rosewood London,51.5173303,-0.1180966
Sanderson A Morgans Hotel,51.5174853,-0.1372109
Radisson Blu Edwardian Bloomsbury Street,51.517608,-0.1276253
Saint Georges Hotel,51.517839,-0.1424476
The Langham London,51.517876,-0.1440647
Durrants Hotel,51.5179386,-0.1529794
Thistle Holborn The Kingsley,51.5179659,-0.1234343
Radisson Blu Edwardian Kenilworth,51.5179725,-0.1280495
The Marylebone Hotel,51.5180207,-0.1500567
St George Hotel,51.5182768,-0.1583511
Charlotte Street Hotel,51.5184158,-0.1348509
Rathbone,51.5186801,-0.1354055
Ten Manchester Street Hotel,51.5188,-0.153839
My Bloomsbury,51.5188555,-0.1319172
Grange Langham Court Hotel,51.5189077,-0.1421957
South Place Hotel,51.5189182,-0.0866009
Landmark London,51.519016,-0.166267
Novotel London Paddington,51.519032,-0.1825943
Montagu Place Hotel,51.5191009,-0.1592
Hilton London Metropole,51.5195688,-0.170521
Hotel 82 London,51.5195857,-0.1584803
Grange Buckingham Hotel,51.5196124,-0.1239628
Grange Holborn Hotel,51.519616,-0.1218432
Grange Blooms Hotel,51.5196913,-0.1254243
Grange Clarendon Hotel,51.5197933,-0.1241844
Portobello House,51.5199224,-0.2116636
DoubleTree by Hilton London West End,51.5201065,-0.1221393
The Rookery,51.520171,-0.102463
The Montague On The Gardens,51.520181,-0.1256957
Grange Beauchamp Hotel,51.5203266,-0.1245891
Grange White Hall Hotel,51.5203469,-0.1260893
Staunton Hotel B B,51.520378,-0.1303414
The Academy,51.5205441,-0.1308091
London City Suites,51.5206309,-0.0915341
Bloomsbury Palace Hotel,51.5207945,-0.1310845
The Montcalm At Brewery London City,51.5208155,-0.0915319
Batty Langley s,51.5208575,-0.0779503
Park Plaza Sherlock Holmes London,51.5209191,-0.1566567
Malmaison London,51.520943,-0.1004581
Mercure London Bloomsbury Hotel,51.5210085,-0.1230966
Holiday Inn London West,51.5210117,-0.2628618
Best Western Maitrise Hotel Edgware Road,51.521148,-0.171346
Hotel 55,51.5213303,-0.2915052
Hotel La Place,51.5215257,-0.1533039
London Suites,51.5215508,-0.0469238
Grange Fitzrovia Hotel,51.521759,-0.1425381
Montcalm Royal London House City of London,51.5218066,-0.0856081
Hotel Cavendish,51.5220522,-0.132414
The Bryson Hotel,51.5220869,-0.1082443
Nottingham Place Hotel,51.522143,-0.153385
Holiday Inn London Regent s Park,51.5222472,-0.1426128
The Principal London,51.5226217,-0.1251602
Dorset Square Hotel,51.5226361,-0.1602871
The Zetter Hotel,51.522672,-0.1036841
The Zetter Townhouse Clerkenwell,51.5231564,-0.1035134
The Curtain,51.5237209,-0.0806178
Holiday Inn London Bloomsbury,51.5241248,-0.1258066
citizenM London Shoreditch,51.5241373,-0.0786983
Radisson Blu Edwardian Grafton,51.5241386,-0.1380807
Park Avenue Baker Street,51.5241452,-0.1609907
The Colonnade,51.5243286,-0.1846623
Boundary Rooms Suites,51.5244224,-0.0764614
Ace Hotel London Shoreditch,51.5254162,-0.0772849
The Hoxton Shoreditch,51.5255136,-0.082927
Goodenough Club,51.525535,-0.1180354
Crowne Plaza London Kings Cross,51.5263854,-0.1136042
Hilton London Euston,51.5265189,-0.1303689
TheWesley,51.5265353,-0.1361682
Ambassadors Bloomsbury,51.5266618,-0.1296571
St Pancras Renaissance Hotel London,51.5267769,-0.1324905
Park Plaza London Park Royal,51.527262,-0.282992
Courthouse Hotel Shoreditch,51.5273442,-0.0796152
M by Montcalm Shoreditch London Tech City,51.5278465,-0.0889473
Pullman London St Pancras,51.5286766,-0.1283489
Comfort Inn Suites Kings Cross St Pancras,51.5289499,-0.1232979
Thistle Euston,51.5291423,-0.1372782
Danubius Hotel Regents Park,51.529257,-0.168358
Megaro Hotel,51.5294411,-0.1233745
Melia White House Hotel,51.5298597,-0.1444623
Great Northern Hotel A Tribute Portfolio Hotel London,51.531427,-0.126133
The RE London Shoreditch,51.531979,-0.061598
DoubleTree by Hilton London Islington,51.5322508,-0.1095714
London Marriott Maida Vale,51.5357597,-0.1902591
Hilton London Angel Islington,51.5360906,-0.1048176
BEST WESTERN Maitrise Hotel Maida Vale,51.5366053,-0.1919832
The Westbridge Hotel,51.5373904,-0.0023367
Crowne Plaza London Ealing,51.5403942,-0.3697581
Holiday Inn London Camden Lock,51.5404555,-0.1460833
London Marriott Hotel Regents Park,51.5421476,-0.1703073
Holiday Inn London Stratford City,51.5426054,-0.0072708
Staybridge Suites London Stratford,51.5426351,-0.0073272
Old Ship Inn Hackney,51.5458476,-0.0554113
Avo Hotel,51.5460628,-0.0700817
St George s Hotel Wembley,51.5553678,-0.2864945
Clayton Crown Hotel London,51.5561548,-0.2141824
Hilton London Wembley,51.5576962,-0.2835263
Holiday Inn London Wembley,51.5590955,-0.284704
Novotel London Wembley,51.5611271,-0.2787261
Best Western Palm Hotel,51.5634756,-0.2042758
Holiday Inn London Brent Cross,51.5731061,-0.2233332
United Lodge Hotel and Apartments,51.5743549,-0.0977567
The Pillar Hotel,51.583236,-0.216868
Best Western PLUS Epping Forest,51.603207,0.010607
Hallmark Hotel London Chigwell Prince Regent,51.6068054,0.0590416
Fletcher Hotel Amsterdam,52.2924567,4.9444338
Ozo Hotel,52.3047669,4.9476868
Holiday Inn Amsterdam Arena Towers,52.3096835,4.9422614
Courtyard by Marriott Amsterdam Arena Atlas,52.3101182,4.9472918
Jaz Amsterdam,52.314371,4.9388064
Golden Tulip Amsterdam Riverside,52.3154533,4.9962997
NH Amsterdam Zuid,52.3266672,4.8800884
Element Amsterdam,52.3312406,4.8774466
Novotel Amsterdam City,52.333803,4.8884708
Mercure Hotel Amsterdam City South,52.335182,4.9138688
Holiday Inn Amsterdam,52.3351951,4.8885354
Crowne Plaza Amsterdam South,52.3357326,4.8743947
Mercure Hotel Amsterdam West,52.3375677,4.8178172
Dutch Design Hotel Artemis,52.3417894,4.824952
citizenM Amsterdam,52.3419432,4.8759604
Hotel V Fizeaustraat,52.3451511,4.9252372
Corendon Vitality Hotel Amsterdam,52.3466449,4.8310984
Apollo Hotel Amsterdam,52.3486098,4.8844292
Hotel Okura Amsterdam,52.3487635,4.8938829
Savoy Hotel Amsterdam,52.3497431,4.8911908
Apollofirst Boutique Hotel,52.350396,4.8756404
Best Western Delphi Hotel,52.3504558,4.8770194
Best Western Premier Hotel Couture,52.3511137,4.8411629
Bilderberg Garden Hotel,52.3511447,4.8740764
Hilton Amsterdam,52.351381,4.872723
The College Hotel,52.3527675,4.88373
Park Plaza Vondelpark Amsterdam,52.3542655,4.8664365
Sir Albert Hotel,52.3544507,4.8875036
The Student Hotel Amsterdam City,52.3546649,4.9131641
NH Amsterdam Museum Quarter,52.3560923,4.8858229
WestCord Fashion Hotel Amsterdam,52.357655,4.844576
Boutique Hotel Notting Hill,52.3583821,4.8988777
Conservatorium Hotel,52.358631,4.8786236
Amadi Panorama Hotel,52.3588806,4.9886041
Hampshire Hotel The Manor Amsterdam,52.3591467,4.9263601
Amsterdam Canal Residence,52.3594783,4.895853
Hotel JL No76,52.3595919,4.8801587
Bilderberg Hotel Jan Luyken,52.3599196,4.8810128
InterContinental Amstel Amsterdam,52.3600068,4.9051643
Hotel Arena,52.3605759,4.9159683
Pillows Anna van den Vondel Amsterdam,52.3607413,4.8695315
Mercure Hotel Amsterdam Centre Canal District,52.3611852,4.8936341
Park Hotel,52.3613814,4.8832594
Hotel Roemer Amsterdam,52.3617577,4.8780052
Hyatt Regency Amsterdam,52.3617751,4.9118187
Amsterdam Marriott Hotel,52.362514,4.8800077
Hotel Vondel Amsterdam,52.3625662,4.8779225
NH Amsterdam Centre,52.3630682,4.8794451
Hampshire Hotel Amsterdam American,52.363889,4.881302
Waldorf Astoria Amsterdam,52.364768,4.896945
Hotel Seven One Seven,52.3648077,4.8853962
Amadi Park Hotel,52.364962,4.873495
Dikker en Thijs Fenice Hotel,52.364971,4.8839827
Grand Hotel Downtown,52.36513,4.8729422
Banks Mansion All Inclusive Hotel,52.3653868,4.8931979
The Dylan Amsterdam,52.3654686,4.8798713
NH Amsterdam Schiller,52.3657092,4.8966912
Royal Amsterdam Hotel,52.3657281,4.8972883
Albus Hotel Amsterdam City Centre,52.365823,4.893243
Hampshire Hotel Rembrandt Square Amsterdam,52.3663466,4.8985764
NH Carlton Amsterdam,52.3663727,4.8930505
NH Amsterdam Caransa,52.3664077,4.8969091
Hotel De Hallen,52.3677568,4.8682174
Andaz Amsterdam Prinsengracht A Hyatt Hotel,52.3678368,4.8830788
De L Europe Amsterdam,52.3678779,4.8948936
Ramada Apollo Amsterdam Centre,52.3681299,4.8440847
NH Collection Amsterdam Doelen,52.3681919,4.8957609
Ambassade Hotel,52.369391,4.8871721
Chasse Hotel,52.3696719,4.8614475
NH City Centre Amsterdam,52.3697554,4.8887815
Radisson Blu Hotel Amsterdam,52.3702469,4.8966743
Luxury Suites Amsterdam,52.3702613,4.9032489
Hotel Esther a,52.3705447,4.8886439
Sofitel Legend The Grand Amsterdam,52.370835,4.895403
Hotel V Nesplein,52.3711037,4.8936787
Hampton by Hilton Amsterdam Centre East,52.3714428,4.9346331
The Hoxton Amsterdam,52.3718665,4.8873794
NH Collection Amsterdam Grand Hotel Krasnapolsky,52.3727067,4.8943658
W Amsterdam,52.3727871,4.8900059
Pulitzer Amsterdam,52.3728353,4.883326
Swiss tel Amsterdam,52.3735266,4.8933041
Hotel Amsterdam De Roode Leeuw,52.373704,4.893591
Hotel Die Port van Cleve,52.3741426,4.8907741
Morgan Mees,52.3743712,4.8746196
Grand Hotel Amr th Amsterdam,52.3744149,4.9041443
INK Hotel Amsterdam MGallery by Sofitel,52.3754926,4.8929878
The Toren,52.3758754,4.8859642
Inntel Hotels Amsterdam Centre,52.3760456,4.8943917
Canal House,52.3763099,4.8862701
NH Collection Amsterdam Barbizon Palace,52.3764175,4.9002201
DoubleTree by Hilton Amsterdam Centraal Station,52.376752,4.904618
Park Plaza Victoria Amsterdam,52.377278,4.897818
art otel Amsterdam,52.377743,4.897057
Renaissance Amsterdam Hotel,52.377955,4.894641
M venpick Hotel Amsterdam City Centre,52.3781016,4.9142508
Best Western Plus Hotel Blue Square,52.3786823,4.8207833
Best Western Blue Tower Hotel,52.3793659,4.8457179
Sir Adam Hotel,52.3840358,4.9028572
Room Mate Aitana,52.3846059,4.8941866
Golden Tulip Amsterdam West,52.385601,4.8470597
Urban Lodge Hotel,52.3856494,4.834443
Mercure Amsterdam Sloterdijk Station,52.3872884,4.8349748
NH Amsterdam Noord,52.3923684,4.9110442
WestCord Art Hotel Amsterdam 4 stars,52.3924898,4.8683822
DoubleTree by Hilton Hotel Amsterdam NDSM Wharf,52.4001813,4.8936653
