Tag,count
[' Leisure trip ',415869
' Submitted from a mobile device '],306894
' Couple ',245993
' Stayed 1 night ',117175
' Solo traveler ',103766
[' Business trip ',82245
' Stayed 2 nights ',79656
' Stayed 1 night '],75970
' Group ',63588
' Family with young children ',58632
' Stayed 3 nights ',56458
' Stayed 2 nights '],53945
' Stayed 3 nights '],39073
' Double Room ',35091
' Standard Double Room ',32175
' Superior Double Room ',31316
' Stayed 4 nights ',27681
' Family with older children ',25376
' Deluxe Double Room ',24765
' Double or Twin Room ',22319
' Stayed 4 nights '],20004
' Standard Double or Twin Room ',17427
' Classic Double Room ',16941
' Superior Double or Twin Room ',13528
' 2 rooms ',12357
' Stayed 5 nights ',11890
' Standard Twin Room ',9717
' Single Room ',9628
' Stayed 5 nights '],8900
' Twin Room ',8304
' Executive Double Room ',6411
' Classic Double or Twin Room ',6088
' Superior Twin Room ',6053
' Deluxe Double or Twin Room ',5980
' Club Double Room ',5899
[' Couple ',5782
' Stayed 6 nights ',5679
' Queen Room ',5462
' Deluxe King Room ',5345
' Superior Queen Room ',4890
' Standard Single Room ',4600
' Junior Suite ',4549
' Triple Room ',4488
' Superior Room ',4407
' Classic Room ',4400
' Stayed 7 nights ',4345
[' Solo traveler ',4268
' Superior King Room ',4238
' Standard Room ',4184
' Stayed 6 nights '],4071
' Deluxe Room ',3955
' Standard Queen Room ',3524
' Double Guest Room ',3431
' Deluxe Single Room ',3277
' Small Double Room ',3177
' Queen Guest Room ',3120
' Deluxe Twin Room ',3079
' Stayed 7 nights '],3029
' Basic Double Room ',2847
' King Room ',2835
' Comfort Double Room ',2631
' Executive King Room ',2624
' Small Queen Room ',2499
' Standard Double Room without Window ',2421
' Comfort Double or Twin Room ',2391
' Double or Twin Room 1 2 Adults ',2387
' Classic Twin Room ',2353
[' Family with young children ',2222
' Twin Guest Room ',2194
' Family Room ',2162
' Travelers with friends ',2078
' Suite ',1893
' Superior King or Twin Room ',1825
' Deluxe King or Twin Room ',1648
' Deluxe Double ',1629
' King Guest Room ',1625
' Cosy Double Room ',1598
[' Group ',1588
' Stayed 8 nights ',1503
' Standard Double Twin Room ',1418
[' With a pet ',1400
' Club Twin Room ',1395
' Executive Double or Twin Room ',1391
' Classic King Room ',1311
' Standard Triple Room ',1297
' Double Hilton Guestroom ',1293
' Executive Room ',1288
' Double Room Non Smoking ',1256
' Standard ',1225
' Large Double Room ',1190
' Economy Double Room ',1187
' Quadruple Room ',1154
' Luxury Double Room ',1147
' Superior Single Room ',1118
' Superior Double Room with Internal View ',1112
' Leisure trip ',1102
' Classic Single Room ',1088
' Double Room with Two Double Beds ',1083
' Executive Twin Room ',1077
' Dorsett Double Room ',1041
' Stayed 8 nights '],995
' Premier Double Room ',994
' Studio ',985
' Superior Double or Twin Room 1 2 Adults ',969
' Twin Hilton Guest Room ',947
[' Family with older children ',930
' Family Room 2 Adults 2 Children ',925
' Studio King Family ',925
' Compact Double Room ',910
' City King or Twin Room ',896
' Standard Room with 1 Double Bed ',878
' Stayed 9 nights ',806
' Classic Queen Room ',791
' Deluxe Queen Room ',748
' Deluxe Triple Room ',745
' Comfort Room ',740
' City King Room ',738
' Queen or Two Double Beds Room ',738
' Studio Suite ',727
' Standard Double ',722
' Premium Double or Twin Room ',710
' Superior Triple Room ',706
' Queen Room Non Smoking ',703
' Twin Room Non Smoking ',698
' Superior Twin Room with Internal View ',696
' One Bedroom Suite ',658
' Double Room with View ',649
' King Hilton Guest Room ',645
' Double Room 1 Adult ',621
' Art King Room ',608
' Deluxe Room Barlow Wing ',605
' Standard King Room ',599
' Double Room with Courtyard View ',591
' Premium Double Room ',591
' Executive King Room with Lounge Access ',583
' Stayed 10 nights ',551
' Deluxe King Room with River View ',539
' Double or Twin Room Non Smoking ',539
' Queen Room Mobility Access ',515
' Double Room 1 2 Adults ',507
' Studio Double Family ',505
' City Twin Room ',499
' Stayed 9 nights '],486
' Double Room with Sofa Bed ',483
' Cosy Single Room ',474
' 3 rooms ',470
' Standard Double Room No Window ',470
' Business Double or Twin Room ',427
' Room Selected at Check In ',417
' Superior Shard King ',402
' Deluxe King Room Balcony with Eiffel Tower View ',398
' Superior Double Room Disability Access ',398
' Deluxe with Two Double Beds ',391
' Comfort Triple Room ',388
' Double Deluxe Room ',387
' Superior Room with 2 Single Beds ',385
' Club Single Room ',384
' Double Room with Spa Bath ',384
' Double or Twin Ground Floor ',381
' Double or Twin Room with Spa Access ',378
' Deluxe King Room with City View ',375
' Deluxe King Room with Stadium View ',367
' Standard Double Room with Bridge View ',360
' One Bedroom Apartment ',358
' Double Room with Terrace ',356
' Deluxe One Bedroom Apartment ',347
' Standard Room with 1 Single Bed ',346
' Double Room with Single Bed ',339
' Queen Room with Mobility Access ',338
' Stayed 10 nights '],338
' Deluxe Double Room with Two Double Beds ',338
' Double Room with City View ',337
' Basic Single Room ',326
' Large Twin Room ',318
' Small Single Room ',312
' Duplex Double Room ',311
' Standard Room with Spa access ',309
' Luxury Room ',307
' Executive Family Room ',304
' Deluxe Double Room 1 2 Adults ',304
' Deluxe Double or Twin Room with Canal View ',303
' Luxury Suite ',302
' Standard Room with 2 Single Beds ',302
' Double Room with Sofa Bed Non Smoking ',299
' Superior Double or Twin Room with View ',296
' Standard Room with Queen Bed ',291
' Superior Double Room with City View ',289
' Special Offer Double Room ',286
' Superior Double Twin Room ',286
' Standard Room 1 2 adults ',286
' Comfort Twin Double Room ',285
' Double Room with Balcony ',285
' Queen Hilton Guest Room ',283
' Wonderful Double or Twin Room ',280
' Superior Deluxe Room ',275
' Executive Double Room River View ',271
' Superior Double Room with Terrace ',271
' Deluxe Double and Single Room ',270
' Classic Triple Room ',269
' Superior ',269
' Classic Double or Twin Room with Spa Access ',267
' Double Studio ',266
' Standard Quadruple Room ',266
' Deluxe King Room with Balcony ',264
' Stayed 11 nights ',262
' Superior Room with Queen size bed and Sofa Bed ',261
' Superior Room with Queensize Bed and double couch 2 adults 2 children ',260
' Double or Twin Room with Terrace ',255
' Double Hilton Deluxe Room ',255
' Queen Guest Room with Sofa Bed ',254
' Double Room with Street View ',251
' Business Double Room ',248
' Double or Twin Room with Courtyard View ',248
' Double or Twin Room with View ',246
' Standard Family Room ',239
' Superior Double or Twin Room with Terrace ',236
' Superior King Room Barlow Wing ',236
' Quality Double or Twin Room ',236
' Deluxe Double Room with View ',235
' Double or Twin Room with City View ',234
' Superior Double ',234
' King Double or Twin Room ',229
' Junior Double Room ',229
' Studio Triple ',229
' Privilege Double Room ',227
' Double or Twin Room with Extra Bed ',226
' Superior Room with Queen Bed Sofa ',225
' Triple Room 2 Adults 1 Child ',225
' Camper Room ',225
' Standard Suite ',223
' King Double Room ',222
' Standard Double or Twin Room with Balcony ',221
' Chelsea Double Suite ',219
' Family Suite ',216
' Double Room with Eiffel Tower View ',216
' Large Room ',216
' Deluxe King with Balcony ',213
' Urban Double or Twin Room ',213
' Double or Twin Room with Balcony ',212
' Special Offer Queen Room ',211
' Executive Single Room ',207
' Double Room with Public Transport Ticket ',206
' Classic Room with Courtyard View ',205
' Prestige Double Room ',204
' Double Room with Extra Bed ',202
' Studio King ',202
' Studio Double Room ',201
' Wonderful Room ',198
' Superior Double Room with Spa Access ',198
' Single Room with Shower ',196
' Dalston King ',195
' Cabin Single Room ',195
' Junior Suite 2 Adults ',194
' Premier King Room with City View ',192
' Double Suite ',192
' Stayed 12 nights ',191
' Executive Suite ',191
' Business trip ',190
' Superior Double Room with Balcony ',190
' Economy Twin Room ',186
' Double Room Annex ',186
' Superior Room with Spa access ',185
' Executive Queen Room with Lounge Access ',185
' Standard Twin Room with Bridge View ',183
' Double Room 2 Adults ',182
' Deluxe Guest Room ',182
' Superior Suite with 1 Double Bed and 1 Single Bed ',181
' Family Room 3 Adults ',181
' Two Bedroom Apartment ',180
' Superior Room with 1 Queen Bed ',178
' Double Room Disability Access ',177
' Queen Double Room ',175
' Two Connecting Double Rooms ',173
' Double or Twin Room with Sea View ',173
' Stayed 14 nights ',171
' Superior Queen Room with Sofa ',170
' Superior King Room with Sofa Bed ',170
' Grand Deluxe Double or Twin Room ',169
' Club Room ',166
' Family Room 4 Adults ',166
' Comfort Twin Room ',164
' Deluxe Studio ',163
' Deluxe Suite ',163
' Deluxe Double Studio ',163
' Queen Hilton Superior Room ',163
' Large Comfort Double or Twin Room ',162
' Family Room with sofa bed ',160
' Classic Double or Twin Room with City View ',160
' Superior Double Room with Two Double Beds ',158
' Superior King Room Eiffel Tower View ',158
' Executive Studio ',158
' Signature Luxury King with Balcony ',156
' Family Junior Suite 3 Adults 1 Child ',156
' Stayed 11 nights '],155
' Deluxe Family Room ',155
' Stayed 13 nights ',153
' Superior Double Room with 1 Double Bed and 1 Sofa Bed 2 places ',152
' Twin Room Disability Access ',150
' Deluxe Double or Twin Room 1 2 Adults ',150
' Executive Club Double Room ',149
' Deluxe Junior Suite ',148
' Classic King Twin Room ',148
' Queen Room with Sofa Bed ',148
' Superior Studio with City View ',148
' Standard Room with Double Bed and Sofa Bed ',147
' Premier Single Room ',147
' Superior Family Room ',146
' Executive Studio City View Family ',146
' Deluxe Double or Twin Room with City View ',146
' Nhow Double or Twin Room ',146
' Junior Suite with Spa Access ',145
' Standard Queen Room with Sofa Bed ',145
' Comfort Double or Twin Room 1 2 Adults ',144
' City Room ',144
' Two Connecting Rooms ',143
' Club King Room ',142
' Privilege Room with a double bed upper floors ',142
' Room with Ramblas View ',142
' Standard Double Room with View Terrace ',142
' Souterraine Double or Twin Room ',141
' Double Room with River View ',140
' Souterrain Double Room ',140
' Deluxe Double Room with River View ',138
' Superior Twin Room Barlow Wing ',138
' Deluxe Room with Two Double Beds ',138
' Family Room 2 Adults 1 Child ',137
' King Room Non Smoking ',137
' River View Deluxe ',137
' Economy Single Room ',137
' Twin Deluxe Room ',136
' Superior Queen Suite with Sofa Bed ',136
' Standard Double Room with Two Single Beds ',136
' Executive Triple Room ',135
' One Room Suite with Kitchenette ',135
' Executive Studio Suite ',135
' Special Offer Superior Double Room ',134
' Deluxe One Bedroom Suite ',133
' Standard Double Room with Park View ',131
' Junior Suite 1 2 Adults ',130
' Superior Room with Queen Bed ',129
' Discovery Double Room ',129
' Queen Room Upper Floors ',129
' Single Room Annex ',129
' Premier Twin Room ',128
' Compact Double Room with Private Bathroom ',128
' Apartment ',127
' Superior Room with 1 kingsize bed ',126
' Stayed 12 nights '],125
' King Deluxe Guest Room ',125
' Deluxe Double Room with Terrace ',124
' Classic Double or Twin Room 1 2 Adults ',124
' Duplex Room ',123
' Classic Double or Single Room ',123
' Deluxe Double or Twin Room 2 adults 1 child ',123
' Queen Bed Leisure ',122
' Double Room Free Wi Fi ',121
' Comfort Single Room ',119
' Single Room with Double Bed ',118
' Deluxe Double Room with Spa Bath ',118
' Deluxe Double Room with State Opera View ',118
' Superior Plus Double Room ',118
' Executive Double Room with Whirlpool ',118
' Deluxe Double Room with City View ',117
' Comfort Double or Twin Room Non Smoking ',117
' Superior Room with Queensize Bed and Single Sofa Bed ',116
' Deluxe Queen Room with River View ',115
' Queen Guestroom ',112
' Twin Superior Room ',112
' King Deluxe Room ',112
' Superior Double Bedroom ',112
' King Room with Balcony ',112
' Deluxe Single Room with View ',112
' Special Room ',112
' Double Room Cosy ',111
' Special Offer Double or Twin Room ',110
' Club Double or Twin Room ',109
' Single Guest Room ',109
' Accessible Queen Guest Room ',109
' Twin Room with Spa Bath ',109
' Executive Queen Room ',108
' King Executive Room with Lounge Access ',108
' Triple Family Guestroom ',108
' Eiffel Tower View King Room ',108
' Standard Room for 1 or 2 people with Kitchenette ',108
' Maisonette ',108
' Marina Double Suite ',107
' Mini Room ',107
' Superior Double Room with View ',106
' Quality Single Room ',106
' Standard Room with Queensize bed and Single Sofa Bed ',105
' Superior Double or Twin Room with Spa Access ',104
' Small Double or Twin Room ',104
' Superior Double Room with free unlimited WIFI ',104
' Fabulous Double or Twin Room ',104
' Executive Double Room with Air Conditioning ',103
' Superior Double or Twin Room with Free Wifi ',103
' Double Family Guestroom ',102
' Executive Club Room ',102
' Standard Guest Room ',102
' Executive Room with City View ',102
' Standard Double or Twin Room with Extra bed 2 Adults 1 Child ',102
' Executive Studio City View ',101
' Family Suite 2 Adults 2 Children ',101
' Corner Suite ',101
' Art Room with Iconic View ',101
' Business Single Room ',100
' Superior M Double Room ',100
' Executive Twin Room with Lounge Access ',100
' Double Room Curieuse ',100
' Standard Room with 1 Double Bed and 1 Sofa Bed ',100
' Superior Double or Twin Room with City View ',100
' Classic Guest room 1 King or 2 Twin Single Bed s ',100
' Twin Room with Public Transport Ticket ',100
' Junior Double ',100
' Superior Double Double ',99
' Executive Double ',99
' Double Room with Garden View ',99
' Deluxe Double Room with Eiffel Tower view ',98
' Double Queen Waterfront ',98
' Cozy Double or Twin Room ',98
' Triple Hilton Family Room ',97
' Andaz Double Room ',97
' Deluxe Studio Suite ',96
' King Guestroom ',96
' Superior Room with Spa Fitness Access ',96
' Double Room Intemporelle ',96
' Penthouse Suite with Terrace and City View ',96
' Superior Double Room with Queen size bed ',95
' Duplex Junior Suite with Spa access ',95
' Secret Double Room ',95
' Executive King Room Non Smoking ',94
' Junior Triple Room ',94
' Superior Double or Twin Room XL ',94
' Stayed 13 nights '],93
' Duplex Suite ',93
' Double Room with French Bed ',93
' Classic Double Room with Garden View ',92
' Garden King Room ',92
' Superior Room with 1 Queen Bed 1 Sofa Bed ',92
' Deluxe Room with Courtyard View ',92
' Business Class Room ',91
' Luxury Four Poster ',91
' Deluxe ',91
' Executive Queen Room with Sofa ',90
' Classic Room with Queen Bed ',89
' Superior Room with City View ',89
' Standard Studio ',89
' X Ordinary Room ',89
' Family Room 4 guest ',89
' Wonderful Exchange King ',89
' Junior Suite 3 Adults ',88
' Two Bedroom Suite ',88
' Superior Room with 1 Double Bed ',88
' Royal Mews View Classic Double ',88
' Tradition Double Room ',88
' Superior Room with Double Bed and Sofa Bed ',88
' Superior Double Room with Balcony and City View ',87
' Apartment 1 2 Adults ',87
' Souterrain Comfort Room ',87
' Classique Double Room ',86
' Family Room with Spa access ',86
' Superior Family Room 2 Adults 1 Child ',86
' Double Hilton Deluxe ',86
' Double Room with Free Airport Shuttle Service from 5 00am to 00 30am ',86
' King Hilton Guestroom ',86
' Deluxe Double Room Canal View ',85
' Design Double or Twin Room ',85
' Superior Queen Room with Double Sofa ',84
' Standard Double Room with Queen Bed ',84
' Deluxe King Room with Water View ',83
' penta Standard Room ',83
' Executive Queen Room with Balcony ',83
' Superior Plus Twin Room ',83
' Studio Room ',82
' Luxury Family Room ',82
' Standard Apartment ',82
' Double Room Attic ',82
' One Bed Feature Room ',82
' Deluxe Double Room with Private Access to Pool and Spa ',81
' Superior Queen Room with Single Sofa Bed ',81
' Standard Double Room with View ',81
' Premier Room with Balcony ',81
' Standard Room with One Double Bed and Single Sofa Bed ',80
' Double Room with Private Bathroom ',80
' Classic Triple Room 3 Adults ',80
' Single Room with Private Bathroom ',79
' Chelsea Twin Suite ',79
' Twin Room 1 2 Adults ',79
' Superior Room with View of Big Ben ',79
' Twin Hilton Deluxe Room ',79
' Privilege King Room ',79
' Standard Double or Twin Room 1 2 Adults ',79
' Family Superior Room ',78
' Budget Single Room ',78
' Superior Quadruple Room ',77
' Deluxe Double or Twin Room with Terrace ',77
' Classic Double Room Loge Classique ',76
' Stayed 14 nights '],76
' Deluxe Double Twin Room ',76
' Superior Studio ',76
' Superior Twin Room with View ',76
' Superior Deluxe Double or Twin Room ',76
' Superior Twin or Double Room ',75
' Queen Guest Room with River View ',75
' Double or Twin Room with Extra Bed with Balcony ',75
' Deluxe Eiffel Tower King Room ',74
' Superior Queen Room with 2 Single Sofa Beds ',74
' Executive King Room Non Smoking with Executive Lounge Access ',74
' Standard Double or Twin Room Annex Building ',74
' Deluxe Double Room 1 2 adults ',74
' Stayed 15 nights ',73
' Queen Deluxe Room ',73
' King Superior Room ',73
' Superior Double Room with Private Patio ',73
' Suite with Hot Tub ',73
' Double Room Medium ',73
' Treat your Partner Package Double Room ',72
' Single Studio ',72
' Classic Double Room with Breakfast ',72
' Superior King ',72
' Quintuple Room ',72
' Double or Twin Room 2 Adults ',72
' Premier King Room Barlow Wing ',72
' Standard Double or Twin Room with Balcony 1 Adult ',72
' Deluxe Double Room Annex ',72
' Cozy Exchange King ',72
' Aldwych Double Twin Room ',71
' Privilege Room with Double Bed ',71
' Triple Studio ',71
' Twin Room with Free Airport Shuttle Service from 5 00am to 00 30am ',71
' Small Double Room Annex building ',71
' Superior Room with Queensize Bed and Single Sofa Bed 2 Adults 1 Child ',70
' Special Offer Executive Double Twin Room with Access to Nagomi Health ',70
' Queen or Twin Room ',70
' Deluxe Double Room with Garden View ',69
' Queen Room with Eiffel Tower View ',69
' Superior Queen Suite with Sofa ',69
' Privilege Room ',69
' Double or Twin Room with Extra Bed 3 Adults with Free Airport Shuttle Service from 5 00am to 00 30am ',69
' Superior Twin Room with Two Double Beds ',69
' Special Offer Double Twin Room Stay and Park ',68
' Economy Double or Twin Room ',68
' Basic Double ',68
' Superior Double or Twin Room with Balcony ',68
' Superior Room with canal view ',68
' Double Family Guest Room ',67
' Grand Superior King or Twin Room ',67
' Standard Room with queen size bed and double sofa bed ',67
' Luxury Double or Twin Room ',67
' Luxury King Room ',67
' Family Room with King Bed ',67
' Classic Double Room with Shower ',66
' Single Hilton Guestroom ',66
' Classic Twin Room with Garden View ',66
' Standard Studio Suite ',66
' Executive Room 2 adults 2 children ',66
' Double or Twin Room 1 or 2 adults ',66
' Deluxe Twin Room with City View ',66
' Superior Plus Room ',65
' Large King Room ',64
' Delightful Queen Room ',64
' Comfort Quadruple Room ',64
' King Guest Room Wheelchair Accessible ',64
' Deluxe Double or Twin Room with Spa Access ',64
' Standard Queen or Twin Room Lower Ground Floor ',64
' Double or Twin Room with Terrace and Spa Access ',64
' Art Twin Room ',64
' Privilege Double Room 2 Adults 1 child ',63
' Executive King Room with Air Conditioning ',63
' Deluxe Double Room with Bath ',63
' Grand Deluxe King or Twin Room ',63
' Superior Family Room 2 Adults 2 Children ',63
' Twin Hilton Guestroom ',63
' Montcalm Club Double Room ',62
' Executive Double Room with Two Double Beds with Lounge Access ',62
' Luxury Room 1 Queensize Bed Twin bedded Room On Request ',62
' Family Quadruple Room ',62
' Hilton Deluxe King Room ',62
' Double or Twin Room with Extra Bed 3 Adults ',62
' Superior Twin Room with Extra Bed ',61
' One Bedroom Studio Suite ',61
' Executive Junior Suite ',61
' Deluxe King Room with Terrace ',61
' King City View Room ',61
' Royal Room with Ramblas view ',61
' Executive Double Room with Lounge Access ',61
' Superior Double Room with Park View ',61
' Executive Double or Twin Room with Spa Access ',61
' Superior Room with Queen Bed and Sofa ',60
' Superior Room with 1 Queensize Bed and Double Sofa bed ',60
' King Room with River View ',60
' Superior Queen Room with Courtyard Garden or City View ',60
' Condal Double or Twin Room ',60
' Superior Room with Two Double Beds and Balcony ',59
' Standard Room with Spa Access ',59
' Deluxe Double Room with Four Poster Bed ',59
' Two Adjacent Rooms 6 persons ',59
' Royal Mews View King Room ',59
' Standard Double or Twin Room Tea Time Wine Tasting Included ',59
' Queen Hilton Deluxe ',59
' Club Room with Club Lounge Access Free Wifi ',59
' King Hilton Plaza Room ',59
' Junior King Suite ',58
' Standard Double Room with Tea Time Included ',58
' Double Room Single Use ',58
' Twin Deluxe Guest Room ',58
' Double Room 1 Adult with Free Airport Shuttle Service from 5 00am to 00 30am ',58
' Double Room XL ',58
' Superior Double Room with Garden View ',57
' Large Penthouse Suite with Terrace and City View ',57
' Small Twin Room ',57
' Deluxe King Room with Club Lounge Access ',56
[' Travelers with friends ',56
' Superior Studio Apartment ',56
' Superior Suite with 1 Double Bed and 2 Single Beds ',56
' Classic Family Room ',56
' Executive Deluxe Studio Suite ',56
' Premier Deluxe Double Room ',56
' Deluxe Double or Twin Room with Mountain View ',56
' Comfort Double or Twin Room with Extra Bed ',56
' King Hilton Waterfront ',56
' Queen Room with Sofa Bed Non Smoking ',56
' Superior Triple Room 3 Adults ',56
' Deluxe Double with Winter Garden View ',55
' Super Deluxe Double Room ',55
' Classic Studio ',55
' Spare Room Double ',55
' Kings Junior Suite ',55
' Large Triple Room ',55
' Small Single Room with Balcony ',55
' Luxury Junior Suite ',54
' Superior Room Swimming Pool Hammam Access upon reservation ',54
' Junior Suite with Terrace ',54
' Park King ',54
' Queen Room with Two Queen Beds 4 Adults ',54
' Superior Deluxe Room with Spa Bath ',54
' King or Twin Room with River View ',54
' Deluxe Contemporary Room ',54
' Superior Double Room Loge Sup rieure ',53
' Champagne Shopping package Double Room ',53
' Executive Double Room with Spa Access ',53
' Deluxe Twin Room Balcony with Eiffel Tower View ',53
' Twin Room with Extra Bed ',53
' Double Room City ',53
' Suite Room ',53
' Montcalm Club Room ',53
' Large Single Room ',53
' Panorama Double Room ',53
' Royal Suite with Canal View ',53
' Interior Facing Double Room With Natural Light ',53
' Superior Double or Twin Room with Landmark View ',53
' Classic Double Room with free pool and hammam access ',52
' Penthouse Suite ',52
' Executive Premium Room with a Queen Bed ',52
' Executive King or Twin Room with Lounge Access ',52
' Superior Double Room with Free Access to Steam Bath ',52
' Deluxe Queen Room with View ',52
' Family Room Two Connecting Rooms ',52
' Superior Junior Suite ',51
' Superior Queen Room with Sofa Bed ',51
' Luxury Double Room Mezzanine ',51
' Single Room Lower Ground Floor ',51
' River Double Suite ',51
' Superior Double or Twin Room with Terrace Spa acces ',51
' Superior Deluxe Double Room with Canal View ',51
' Triple Room with Spa Bath ',51
' Weekend Offer Standard Studio ',51
' Iconic King Room With City View ',50
' Club SuperKing Room ',50
' Standard Room Sopi ',50
' Eiffel Tower View Twin Room ',50
' Double Room Baronne ',50
' Double Room Insolite ',50
' Master Bedroom Double ',50
' Classic Cosy Room ',50
' Double or Twin Room Allergy Free ',50
' Premium Double or Twin Room XL ',50
' Comfort Double Room with Extra Bed ',50
' Exclusive Double or Twin Room ',50
' Romantic Special Offer ',50
' Family Room with Balcony ',50
' Hypoallergenic Double or Twin Room ',50
' Superior King Room with River View ',49
' King Grand Deluxe Room ',49
' Double Room with Small Double Bed ',49
' Classic Suite ',49
' Privilege Super King or Twin Room ',49
' Twin Room 1 2 people ',49
' Deluxe Double Room with City View and Balcony ',49
' Observatory King ',49
' Superior Quadruple Room With Balcony ',49
' Family Studio ',48
' Double Superior Room ',48
' Premium Triple Room ',48
' Level Room with Executive Lounge Access ',48
' Double or Twin Room 1 Adult ',48
' Business Apartment with Public Transport Ticket ',48
' Luxury Suite Patio ',48
' Premier Double or Twin Room ',47
' Loft ',47
' Privilege Room with 1 Double Bed ',47
' Eiffel Tower Junior Suite ',47
' Standard Double Room with Sofa Bed 3 Adults ',47
' Chambers Junior Suite with Club Lounge Access ',47
' Superior Guest room 1 King or 2 Twin Single Bed s ',47
' Accessible Twin Room ',47
' Comfort Double or Twin Room with Balcony ',47
' Suite with Spa Access 2 Adults ',47
' Executive Double or Twin Room with No view ',47
' Interior Double or Twin Room ',47
' Standard Double or Twin Room with Extra Bed 3 Adults ',47
' Deluxe Club Double Room ',47
' Luxury Room with Spa Access ',46
' Boudoir Double Room ',46
' Emperor Suite ',46
' Classic Double Room La Parisienne ',46
' Standard King Room Non Smoking ',46
' King Grand Premier Room ',46
' Quality Double or Twin Room with Extra Bed ',46
' Standard Room with 1 Kingsize Bed ',46
' Superior Suite 2 Adults 2 Children ',45
' Twin Guestroom ',45
' Deluxe Double Room with Spa Access ',45
' Suite 3 Adults ',45
' Premium Deluxe Double Room ',45
' Premier Shard King Room ',45
' King Room with Courtyard View ',45
' Superior Double Room with Terrace and Private Pool ',45
' Single Hilton Guest Room ',45
' Superior Twin Room with City View ',45
' Tiny Single Room ',45
' Special Offer Deluxe Room ',45
' Double or Twin Room with Bath ',44
' King Suite with Lounge Access ',44
' Club Eiffel Tower King Room ',44
' Privilege Room with 1 Kingsize Bed ',44
' Twin Executive Room with Lounge Access ',44
' Twin Room with Cathedral View ',44
' Superior Double or Twin Room with Balcony 1 Adult ',44
' Deluxe Garden Room ',44
' Superior Two Bedroom Apartment ',44
' Double or Twin Room with Bathroom ',44
' Queen Superior Room ',43
' Executive Club Twin Room ',43
' Superior Room with a shower or a bath ',43
' Standard Double Room Disability Access ',43
' Stayed 15 nights '],42
' Superior Premium Queen Room ',42
' Double Room Lady Soul ',42
' Deluxe Queen Room with Balcony ',42
' Junior Suite with River View and Balcony ',42
' Duplex Suite with Spa Access ',42
' Superior Twin Double Room ',42
' Duplex ',42
' Studio Twin ',42
' Special Offer Princess Relax ',42
' Attach Suite ',42
' Superior Double Room with View Non Smoking ',42
' Deluxe Double Room with Gallery View ',42
' Comfort Double Room Courtyard Side ',41
' Queen Room Disability Access Non Smoking ',41
' Privilege Double or Twin Room ',41
' Exclusive Suite ',41
' Executive Room with queen size bed and double sofa bed 2 adults 2 children ',41
' Classic Room with 1 Queen bed ',41
' Deluxe Double plus Single Bed ',41
' Two Adjoining Superior Suite ',40
' Privilege Double Room with Eiffel Tower View ',40
' Luxury Twin Room ',40
' Luxury 1 Bed Suite ',40
' Standard Room with 1 Double Bed and 1 Double Sofa bed ',40
' Canal View Superior Deluxe Room with Spa Bath ',40
' Executive King Room with Executive Lounge Access ',40
' Duplex Twin Room ',39
' Deluxe Double Room with Balcony ',39
' Classic Room with 2 double beds 2 Adults ',39
' Junior Suite with Lounge Access ',39
' Twin Room with Private Bathroom ',39
' One Bedroom Suite with Kitchenette ',39
' Superior Double Room with Sofa Bed ',39
' Double Executive Room with Lounge Access ',38
' King Suite ',38
' 4 rooms ',38
' Intuition Room ',38
' King Accessible Superior Room ',38
' Single Room with Shared Bathroom ',38
' Family Room with King Bed and Sofa Bed ',38
' Studio 2 Adults ',38
' Twin Hilton Deluxe ',38
' Double Room Disability Access Non Smoking ',38
' Cosy Room ',37
' Stayed 16 nights ',37
' Loft Suite ',37
' Suite with Balcony ',37
' Superior Queen Room with Pool Access ',37
' Executive Double or Twin Room La Ravissante ',37
' Double Room Marquise ',37
' Superior Double Room with Free Pool Access ',37
' Budget Double Room Second Floor ',37
' Executive Double or Twin Room with Harbour View ',37
' Camper Suite ',37
' Standard Duplex Room 1 2 Adults ',37
' Grand Deluxe Double Room ',36
' Deluxe L Double Room ',36
' Grand Suite ',36
' Standard Room with Queen Bed and Sofa ',36
' Standard Compact Double Room ',36
' Superior Suite ',36
' Family Apartment ',36
' Executive Double Room with Double Bed and Sofa Bed ',36
' Park Deluxe King ',36
' Privilege Room with King bed ',36
' Standard Quad Room ',36
' penta Plus Room ',36
' Junior Suite with Extra Bed ',36
' Paseo de Gracia Double or Twin Room ',36
' Executive Double Room Eiffel Studio D Artiste with view of Paris ',35
' Queensgate Double Room ',35
' Couple '],35
' Business Room ',35
' Spring Package Deluxe Double or Twin Room ',35
' Superior Double Room La S duisante ',35
' Budget Double Room ',35
' Comfort Double or Twin Room for Single Use ',35
' Standard Double Room with Sea View ',35
' Superior Double or Twin Room with Extra Bed ',35
' Small Double Room Canal View ',35
' Twin Room with City View 1 2 Adults ',35
' Apartment for 3 to 4 People with Kitchenette ',34
' Executive Room with Two Double Beds ',34
' Twin Room with Courtyard View ',34
' Corner Double Room ',34
' Junior Suite with Executive Lounge Access ',34
' Premium Double or Twin Room with View ',34
' Luxury Suite with whirlpool ',34
' Deluxe Double or Twin Room with Sea View ',34
' Superior Room with 1 Queensize Bed Canal view ',34
' Grand Deluxe Room ',34
' Executive King Room with Panoramic View ',34
' Premium King Room ',33
' Double Double Room ',33
' Garden Room ',33
' Superior Queen Room 2 adults ',33
' Deluxe Double Room without Window ',33
' Standard room with 1 queen bed and sofa ',33
' One Bedroom Suite with City View ',33
' Luxury Double Room Small ',33
' Superior Double Twin Room with Free Parking ',33
' Residence Suite ',33
' Superior Double or Twin Room with Pool Spa Access ',33
' Double Room Crash Pad Under 30s ',33
' Deluxe Barcelona city View ',33
' King Corner Room ',33
' Double Room GWR Tower ',32
' Suite with Terrace ',32
' Classic Double or Twin Room with extra bed ',32
' Apartment 4 Adults ',32
' Triple Room with Spa Access ',32
' Deluxe Duplex Room ',32
' Superior Room with 1 Double Bed and 1 Sofa Bed 3 Adults ',32
' Spectacular Room ',31
' Junior Deluxe Double Room ',31
' Single Cabin Room ',31
' Executive Room with River View ',31
' Family Queen Room ',31
' Superior Capucines Room ',31
' Small Double Room without Window ',31
' Superior Double Room with Terrace and Cathedral View ',31
' Sextuple Room ',31
' Twin Room with Extra Bed 3 Adults ',31
' King Deluxe Room with Canal View ',31
' Superior Executive Room ',31
' Standard Double or Twin with view ',31
' Panorama Suite ',31
' Double Room L ',31
' Privilege Double or Twin Room with Spa Access ',31
' Business Double Room with WiFi and Breakfast ',31
' Superior Triple Room XL ',31
' Grande Suite ',31
' Comfort Double Room with Terrace ',31
' Panoramic Room ',30
' Prestige Suite ',30
' Superior Double Room with Saint Germain des Pr s Church View ',30
' Superior Room with Balcony with Spa Access ',30
' Luxury Twin Room Solarium ',30
' Deluxe Double Room with Courtyard View ',30
' Premier Twin Room with City View ',30
' Elegance Double or Twin Room ',30
' King Room Second Floor ',30
' Superior Double or Twin Room with Canal View ',30
' Superior Double Room with Terrace and City View ',30
' Triple Room 3 Adults ',30
' Superior Room with 1 Double bed and Sofa 3 adults ',30
' Classic Double Room with View ',30
' Double or Twin Room with Park View ',30
' Economy Single Room basement no window ',29
' Saint Honor Double Suite ',29
' Superior One Bedroom Apartment ',29
' Executive Family Room 2 Adults and 2 Children ',29
' Room with View ',29
' Apartment 3 Adults ',29
' Classic Room with One Queen Bed ',29
' Family Two Bedroom Suite ',29
' Superior Queen Suite with Sofa Bed 2 Adults ',29
' Executive Room with 1 Queen bed ',29
' Superior Room with 1 Double Bed and 1 Sofa Bed 1 place ',29
' Junior Suite with Balcony ',29
' Executive Room with Canal View ',29
' Double Room with Extra Bed 2 Adults 1 Child ',29
' Deluxe Family Room with 1 Double and 2 Single Beds 4 Adults ',29
' Deluxe Room with view ',29
' Top Deluxe Room ',29
' Delightful King Twin Room ',28
' Classic Double Room with Free Access to Hamman ',28
' Standard Guestroom ',28
' Superior Deluxe Double Room ',28
' Superior Room with 2 Double Beds ',28
' Traditional Double Room ',28
' Comfort King or Twin Room ',28
' Executive Queen Room with Two Queen Beds with lounge Access ',28
' Romantic Double Room ',28
' One Bedroom Queen Suite ',28
' King Junior Suite ',28
' Chambers Grand Junior Suite with Club Lounge Access ',28
' Special Offer Only For Cruise Passengers ',28
' Premier Double or Twin Room with Extra Bed ',28
' Executive Deluxe Room ',28
' Small Double Room with Terrace ',28
' Hyatt Queen Room ',28
' Hyatt King Room ',28
' Garden View King ',28
' King Room Mobility Accessible ',28
' One Bedroom Apartment with City View ',28
' Suite with City View ',27
' Superior Premium Room with Queen Bed Sofa ',27
' Deluxe Queen Guestroom ',27
' Junior Suite with City View ',27
' Stayed 17 nights ',27
' King Room with Sofa Bed and Balcony ',27
' Garden Twin Room ',27
' Triple Room Free Wi Fi ',27
' King Room with View ',27
' Classique Square ',27
' Double Twin Superior Room ',27
' Exclusive Double Room ',27
' One Bedroom King Suite with Sofa Bed ',27
' Superior Double or Twin Room with Courtyard view ',27
' Executive Double Room with Access to Executive Lounge ',27
' Family Room 2 Adults 2 Children with Access to Nagomi Health ',27
' Premium Double or Twin Room with Terrace and Spa Access ',27
' Executive Suite with View ',27
' Comfort Double or Twin Room with Rambla View ',27
' Superior Twin Room with Park View ',27
' Cool Corner Suite ',27
' Executive King Room with City View ',27
' Imperial Club Double Room with access to the Club Lounge ',27
' 1 King Bed Guest Room ',27
' Queensgate Twin Room ',26
' Premium Double Room with Garden View ',26
' Junior Suite with Spa Access Free Wifi ',26
' Standard Room with Double Bed ',26
' Double Deluxe Plus Room ',26
' 2 Adjacent Non Communicating Rooms ',26
' Budget Single Room Non Smoking ',26
' Superior Double Room with Sea View ',26
' Amiral Single Room ',26
' Park Studio King ',26
' Deluxe Family Room with View ',26
' Double Room for Single Use ',26
' Business Double Room with Courtyard View and Public Transport Ticket ',26
' Luxury Quadruple Room ',26
' Wonderful Sky Room ',26
' Deluxe Room with City View ',26
' Deluxe Double Room with Canal View ',26
' Double Room with Shower ',25
' Stayed 18 nights ',25
' Double Room with Four Poster Bed ',25
' Superior Suite 3 Adults 1 Child ',25
' Triple Room Disability Access ',25
' Quadruple Room with Shower ',25
' Executive Double Room with Eiffel Tower View ',25
' Twin Suite ',25
' Superior Room Queen Bed ',25
' Standard Room with 1 Queen Bed ',25
' Deluxe Two Bedroom Apartment ',25
' Premium Superior Double Room ',25
' Luxury Triple Room ',25
' Superior Duplex Room ',25
' Double Room with Extra Bed 2 Adults 1 Child with Ramblas View ',25
' Deluxe Metropolitan City Double Room ',25
' Double Room Crash Pad ',25
' Canal View King ',25
' Superior Deluxe King or Double Room ',25
' Souterrain Triple Room ',25
' Deluxe King Guestroom ',24
' Queen Suite with Lounge Access ',24
' Stayed 19 nights ',24
' Classic Junior Suite ',24
' Deluxe Double Room or Twin Room ',24
' King Studio ',24
' Superior room with Queen bed and sofa ',24
' Deluxe with Garden ',24
' Superior Suite Junior ',24
' Twin Studio ',24
' Classic Double Room with Courtyard View ',24
' Deluxe Guest room 1 King or 2 Twin Single Bed s ',24
' Single Room with Free Airport Shuttle Service from 5 00am to 00 30am ',24
' Falconers Two Bedroom Suite ',24
' Interconnecting Double Rooms ',24
' Superior Metropolitan Park Double Room ',24
' City Twin Room with Surprise Package ',24
' King Premier Room ',24
' REN Room Free Wifi ',24
' Studio with Courtyard View ',24
' Comfort Room with Extra Bed ',24
' Two Bedroom Suite with Two Bathrooms ',24
' Double or Twin Room 2 Adult 1 Children ',24
' Junior Suite with access to the Club Lounge ',24
' Single Room with Courtyard View ',24
' Superior King with Balcony ',23
' Deluxe King Room with Canary Wharf View ',23
' Executive King Room with Sofa Bed Non Smoking ',23
' Prestige Double or Twin Room ',23
' Superior Room Pigalle ',23
' Classic Double Room Les Pop ',23
' Art Deco Double Room ',23
' Room with Dock View Upper Deck ',23
' Classic Apartment ',23
' Room with Dock View Main Deck ',23
' Cosy Twin Room ',23
' Studio Apartment ',23
' Marina Twin Suite ',23
' Family Room with View ',23
' Junior Suite with Private Pool Spa Access ',23
' Junior Suite Double 1 2 Adults ',23
' Junior Suite with Private Pool ',23
' Suite with St Stephen s Cathedral View ',23
' Superior Double Room Single use ',23
' Luxury King Room with River View ',23
' Executive Suite 2 Adults 2 Children ',22
' King Room Disability Access Non Smoking ',22
' Junior Deluxe Twin Room ',22
' Executive Double Room Studio D Artiste ',22
' Nadler Deluxe Double Room ',22
' Two Adjacent Double Rooms ',22
' 2 Adjacent Rooms ',22
' Double Room with Shared Bathroom ',22
' Superior Double Room with Spa Access Free Wifi ',22
' Classic Designer ',22
' Andaz King Twin Room ',22
' Classic Master Suite ',22
' Gallery Suite ',22
' Large Deluxe Room ',22
' Standard Double or Twin Room with View ',22
' Duplex Apartment 6 Adults ',22
' Privilege Junior Suite with Spa Access ',22
' Premium Double or Twin Room with View and Terrace ',22
' King Junior Suite City View with Access to Executive Lounge ',22
' City Garden Room ',22
' Superior Suite with View ',22
' Deluxe Triple Room with View ',22
' Premium Twin Room ',22
' Deluxe King ',22
' Special Offer Twin Double Room Stay and Park ',22
' Junior Suite 1 3 Adults ',22
' Standard Double Room Single Use ',22
' Large Canal View King ',22
' Executive Room Free Executive Lounge Access ',21
' Suite 2 Adults ',21
' Two Adjacent Classic Rooms ',21
' 2 Connecting Rooms 5 people ',21
' King Size Double Room ',21
' Family Executive Room 2 Adults 2 Children ',21
' Standard Double Studio ',21
' Premium Room Grand Pigalle ',21
' Superior Room for 1 2 people with Kitchenette ',21
' King Cathedral View Room ',21
' Park Deluxe Twin ',21
' Urban Junior Suite ',21
' Superior Double or Twin Room Non Smoking ',21
' Executive Double Room with Executive Lounge Access ',21
' Luxury Suite Superior ',21
' Executive Double Room with City View ',21
' Deluxe Double or Twin Room 3 Adults ',21
' Club Room with Club Lounge Access ',21
' Executive Suite with Balcony ',21
' Fabulous Exchange King ',21
' Twin Hilton Plaza Room ',21
' Executive Suite 2 Adults ',21
' Small Double Room with Canal View ',21
' Fabulous Room ',20
' Stayed 16 nights '],20
' Superior King Room with Balcony ',20
' Premium Room 2 Adults ',20
' Family Room Two connecting Rooms ',20
' Club Queen Room ',20
' Suite 4 Adults ',20
' Two Connecting Superior Double Rooms ',20
' Deluxe Quadruple Room ',20
' Mezzanine Suite ',20
' River View Balcony Suite ',20
' Executive King or Twin Room ',20
' Director s Double Room ',20
' Deluxe Double Room with Extra Bed ',20
' Hoxton Studio Suite ',20
' Accessible Twin Guest Room ',20
' Junior Suite Executive ',20
' Standard Double Room Pigalle 15 ',20
' Superior Premium Queen Room with Sofa Bed ',20
' Privilege Twin King Room ',20
' Classic Quadruple Room ',20
' Standard Room with Queen Bed Renovated ',20
' Luxury King Room 3 Adults ',20
' Marina Suite with Canal View ',20
' Deluxe Double or Twin Room with Balcony ',20
' Twin City View Room ',20
' Double or Twin Room with Sofa Bed ',20
' Club Double or Twin Room with Executive Lounge Access ',20
' Deluxe Double or Twin Room with Landmark View ',20
' Classic Twin View ',20
' Embassy Suite ',20
' Deluxe Imperial Room ',20
' Double Room with St Stephen s Cathedral View ',20
' Superior Twin Room with Courtyard Garden or City View ',20
' Double or Twin Room Single Use ',20
' Executive room with Executive lounge access Free Wifi ',20
' Montcalm Club Twin Room ',19
' Club King Room with Lounge Access ',19
' Comfort Single Room with Window and Double Bed ',19
' Principle Double ',19
' Deluxe King Plus ',19
' Mus e d Orsay Double Room ',19
' Prestige Family Room ',19
' Junior Suite Avenue ',19
' Executive Deluxe King Room ',19
' Luxury Double Room with Balcony ',19
' Deluxe Room with Terrace ',19
' Standard Twin Room with Sofa ',19
' Junior Suite with Canal View ',19
' Luxury Room 2 Adults with canal view ',19
' Family Room 2 Adults 3 Children ',19
' Suite with Duomo View ',19
' Superior Double Room with Duomo View ',19
' Two Bedroom Family ',19
' Family Duplex Room ',19
' Superior Double Room with free pool and hammam access ',18
' Superior Room queen size bed and double sofa bed ',18
' Premium Junior Suite with King size Bed ',18
' Standard Twin Room with Arc de Triomphe View ',18
' Privilege Room With View ',18
' Queensgate Triple Room ',18
' Deluxe Triple Room with Tea Time Included ',18
' Double Room with Mobile Phone ',18
' Queen Room with Balcony ',18
' Deluxe Executive Room ',18
' Magistrate King ',18
' Room with River View Upper Deck ',18
' Superior Double Studio ',18
' Executive Room with queen size bed and single sofa bed ',18
' Superior Double or Twin Room Tea Time Wine Tasting Included ',18
' Smart Double or Twin Room ',18
' Superior Premium Room with Queen Bed and Sofa Bed ',18
' Deluxe Room 1 or 2 people ',18
' Deluxe Family Room 4 Adults ',18
' Junior Suite with River View ',18
' Suite 5 Adults ',18
' Junior Family Suite 2 Adults ',18
' Corner Suite with Lounge Access ',18
' Economy Plus Double Room ',18
' Club Double Room with Lounge Access ',18
' Economy Double Room basement no window ',17
' Deluxe King Guestroom with view ',17
' Deluxe Twin Room 2 Adults ',17
' Superior Triple Room with 3 Single Beds ',17
' Solo traveler '],17
' King Room with Eiffel Tower View ',17
' Club Deluxe Room ',17
' Deluxe Double Room with 1 Extra Bed ',17
' Superior Room with Queensize Bed and single sofa bed 3 adults ',17
' Executive King Room with View ',17
' Twin Grand Deluxe Room ',17
' Standard Room With 2 Zip Beds ',17
' Pasha Suite ',17
' Standard Double Room with Sofa ',17
' Superior Double Room Free Wi Fi ',17
' Lower Ground Double Room ',17
' Grand Executive King Room ',17
' Deluxe Room 2 Adults ',17
' Executive Queen Room Non Smoking ',17
' Deluxe Twin or Double Room ',17
' Suite Duplex ',17
' Superior Queen Room Non Smoking ',17
' Suite Breakfast and Bottle of Champagne Included ',17
' Comfort Double Room With Sacr Coeur View ',17
' Junior Suite Courtyard ',17
' Classic Room with Garden View ',17
' Master Bedroom Suite ',17
' Trash City Suite ',17
' Family Suite 4 Adults ',17
' King Executive Room ',17
' Family 2 Connecting Rooms ',17
' Small Double Room with Extra Bed Annex building ',17
' Double Room with City View 1 2 Adults ',17
' Suite with Private Pool ',17
' Amsterdam Street Art Queen Guest Room ',17
' Special Offer Twin Room ',17
' Classic King View ',17
' Superior Double Room 1 2 Adults ',17
' Hyatt King Room with View ',17
' Superior Deluxe Double or Twin Room with Spa Access ',17
' Standard Double Room with Parking ',17
' Junior Suite with Park View ',16
' Suite with Spa Bath ',16
' Business Double Room Ground Floor ',16
' Double Room Op ra Garnier with Spa Bath ',16
' Superior Pantheon Room ',16
' Double Room Luxury XXL King size bed ',16
' Sensation Room ',16
' 2 Connecting Rooms 4 people ',16
' Superior Twin Room with Eiffel Tower View ',16
' Deluxe Room Henry Monnier ',16
' Premium Room ',16
' Executive Queen Room with Lounge Access Mobility Access ',16
' Luxury Double Room with Balcony and River View ',16
' Duplex Junior Suite ',16
' Deluxe Apartment ',16
' Superior Romantic Double Room ',16
' The Level Room with Executive Lounge Access ',16
' Basic Double or Twin Room with Parking ',16
' Standard Triple Room with Queen Bed and Sofa Bed ',16
' Atrium ',16
' King Hilton Deluxe Room ',16
' Suite with Spa Access 1 Adult ',16
' King Junior Suite with Lounge Access ',16
' Junior King Suite with View 2 Adults ',16
' Superior Double or Twin Room with Parking ',16
' King Room with Executive lounge access ',16
' Congress Suite ',16
' Stayed 20 nights ',15
' Group '],15
' Superior Double or Twin Room Moon Blue ',15
' Junior Suite with Spa Bath ',15
' Stayed 17 nights '],15
' Double Room Moulin Rouge with Shower ',15
' Premier King Room ',15
' Superior Queen Room with Paris View ',15
' Superior Designer ',15
' Double or Twin Room with Garden View ',15
' Townhouse Club ',15
' King Guest Room with Sofa Bed ',15
' Double Room with City View 1 Adult ',15
' Two Double Bed Guest Room ',15
' Superior Room with 1 Double Bed and 1 Sofa Bed 2 places ',15
' Double Room with Arc de Triomphe View a Glass of Champagne ',15
' Romantic Offer Double Room ',15
' Apartment 6 Adults ',15
' Executive Twin Room with Access to Executive Lounge ',15
' Premium Quadruple Room ',15
' Superior Double Room with Sofa Bed 3 Adults ',15
' One Bedroom Suite with Sea View ',15
' Deluxe Double Room with Private Patio ',15
' Double Room with Extra Bed 3 Adults ',15
' Classic Triple Room 2 Adults ',15
' Suite with Spa Access 3 Adults ',15
' Mega Room ',15
' Hyatt Twin Room ',15
' superior Double or Twin Room with extra bed ',15
' Club Double Room with free Internet and Breakfast ',15
' Junior Suite with Eiffel Tower View ',14
' Stayed 21 nights ',14
' Kube Double or Twin Room ',14
' Single Room Joy ',14
' Privilege Double or Twin Room Courtyard side ',14
' Double Room 1 Adult with Eiffel Tower View ',14
' Triple Room Relax ',14
' Deluxe Room with spa access ',14
' Standard Twin Room with Tea Time Included ',14
' Double Room D couverte ',14
' One Bedroom King Suite ',14
' Executive Room City View ',14
' Deluxe King Room with Paris View ',14
' Twin Room with View ',14
' Superior Double Room with 1 extra bed ',14
' Superior Double Room Les Artys Les Fifties ',14
' Four Poster Suite ',14
' Standard Double Room Ground Floor ',14
' Petite Double Room ',14
' Double Room with Sauna Access ',14
' Drop Dead Gorgeous Splash Suite ',14
' Classic Double Room with Street View ',14
' Kings Three Bedroom Suite ',14
' King Executive Plus Room ',14
' Premium Double Room with Balcony ',14
' Deluxe Double Room with Patio ',14
' Kings Deluxe Junior Suite ',14
' Junior Suite with Cathedral View ',14
' Double Deluxe room with Roman Bath ',14
' Apartment with City View Top Floor ',14
' Quintuple Room 5 Adults ',14
' Family Room 4 People ',14
' Deluxe Twin Room Annex ',14
' Superior Double Room 3 Adults ',14
' Twin Room with Partial Sea View ',14
' Quadruple Room Annex ',14
' Wonderful Double Room ',14
' Cozy Room ',14
' Executive Double Room with Turkish Bath ',14
' Superior King Room with Lounge Access ',13
' Deluxe Double with Terrace ',13
' Deluxe King Room with Club Lounge Access and Balcony ',13
' Double Room Tour Eiffel with Shower ',13
' Standard Twin Room with 2 single beds ',13
' Mandarin Room ',13
' Family Room with Two Double Beds ',13
' Executive Room with Garden View ',13
' Marquise Superior Double or Twin Room ',13
' Hilton Queen Family Room ',13
' Standard Room with Mobile Phone ',13
' Double Room Relax ',13
' Family Suite with two connecting rooms ',13
' Superior Queen Suite with Sofa 3 Adults ',13
' Executive King Twin Room ',13
' Townhouse Deluxe ',13
' Regency Suite ',13
' Superior Room Non Smoking ',13
' Premier Deluxe Twin Room ',13
' Confort Queen Room ',13
' Park Queen ',13
' King Atrium Suite with Lounge Access ',13
' Double Room Ground Floor ',13
' Twin Deluxe with Canal View ',13
' Double for Single Use ',13
' Privilege Junior Suite with Terrace and Spa Access ',13
' The Level Executive Service Room ',13
' Superior Double Room with Terrace and View ',13
' Luxury Double Room Medium ',13
' Garden Cottage ',13
' Superior Room with Two Double Beds and View ',13
' Luxury Triple Room with Garden View ',13
' Ambassador Suite ',13
' Deluxe Double or Twin Room with Canal View Annex building ',13
' Standard Double Room Non Smoking ',13
' Grand Deluxe Contemporary Room ',13
' Grand Executive Club Room ',13
' Garden View Queen ',13
' Mosaic Double Room ',13
' Classic Double Room 1 Adult ',13
' Superior room Design Style Free Wifi ',13
' Grand Duplex Suite ',13
' Junior Suite with Courtyard View ',13
' Executive Double Room with Spa Bath ',13
' Junior Suite with Club Lounge Access ',12
' Standard Double Room with Bath ',12
' Double Room with Patio View ',12
' Standard 1 Bedroom Apartment ',12
' Executive Room with queen size bed and single sofa bed 2 Adults 1 child ',12
' Emotion Room ',12
' Classic Room with 2 double beds ',12
' Executive Suite with Lounge Access ',12
' Single Room Non Smoking ',12
' Urban Deluxe ',12
' Executive Queen Room with Eiffel Tower View ',12
' Royal Double Room ',12
' Deluxe Studio Apartment 2 Adults ',12
' Compact Double Room shared bathroom ',12
' Deluxe Single Room with Shared Bathroom ',12
' Superior Room with Spa Access Free Wifi ',12
' Classic Double Room with City View ',12
' Suite 2 Adults 2 Children ',12
' Deluxe Twin Studio ',12
' Superior Room with 1 Queen Bed and Sofa ',12
' Classic Double Room for Single Use ',12
' Squint Splash Suite ',12
' Superior Room with Extra Bed 3 Adults ',12
' Falconers One Bedroom Suite ',12
' Nelson Double Room ',12
' Urban Suite ',12
' Two Connecting Basic Rooms ',12
' Triple Apartment ',12
' Souterrain Executive Double Room ',12
' Superior Double or Twin Room with Garden View ',12
' Business Plus Double Room with Balcony ',12
' Classic Single Room with Garden View ',12
' Comfort Suite ',12
' Deluxe Boulevard Double Room ',12
' City Apartment ',12
' Deluxe Park View ',12
' Studio Disability Access ',11
' Cool Corner Room ',11
' Deluxe King Room with Garden View ',11
' Superior Room with 1 Double Bed and 1 Single Bed ',11
' Superior Double Room with Free Access to Hamman ',11
' Deluxe Room with Club Lounge access ',11
' King Suite with Sofa Bed Non Smoking ',11
' Business King Room ',11
' Executive Studio with London Eye View ',11
' Deluxe Double Room with Separate Lounge Area ',11
' Privilege Room with Double Bed and Single Sofa Bed ',11
' Superior Twin Room 2 adults ',11
' Double Room Trocad ro with Spa Bath ',11
' Family room Free Wi Fi ',11
' Twin Guest Room Plus ',11
' Superior Four Poster Room ',11
' Deluxe Room with Whirlpool ',11
' Double Hilton Guest Room Plus ',11
' Deluxe Double Room with Spa Access Free Wifi ',11
' Two Connecting Double and Twin rooms ',11
' Executive Room with 1 Queensize Bed ',11
' Deluxe double or Twin Room ',11
' Double Room Audacieuse ',11
' Superior Twin Room with Free Pool Access ',11
' Standard Twin Room Non Smoking ',11
' Superior Double Room with Street View ',11
' Privilege Superior Room ',11
' Studio King 3 adults ',11
' Non Smoking Standard Room with 1 Double Bed ',11
' Deluxe room with 1 queen bed ',11
' Superior King Room with Iconic View ',11
' Exclusive Guest room 1 King or 2 Twin Single Bed s ',11
' Superior Queen Single Room ',11
' Deluxe Balcony Room ',11
' Superior Twin Room with Cathedral View ',11
' Royal Suite Split Level with Spa Bath Annex building ',11
' Superior Room with Club Lounge Access Free Wifi ',11
' Family Apartment 2 Adults 2 Children ',11
' Deluxe Double Room with Balcony Non Smoking ',11
' Twin Room with Sea View ',11
' King Room with Partial Sea View ',11
' Executive Double or Twin Room with City View ',11
' Nhow Premium Double or Twin Room ',11
' Deluxe Suite with City View ',11
' Superior Double or Twin Room XL with Extra bed ',11
' Single Room with Bath ',10
' Premium Superior Queen Room ',10
' Privilege Top Floor with Terrace ',10
' Two Interconnecting Rooms ',10
' Club Double Room with Club Lounge Access ',10
' Two Bedroom Family Joining Suite with Mobile Phone 2 adults 3 children ',10
' One Bedroom Suite with Lounge Access ',10
' Mayfair Suite with Lounge Access ',10
' Premium Double Twin Room ',10
' Large Double or Twin Room ',10
' Deluxe Room with 1 Double Bed ',10
' Xscape King ',10
' Double Executive Room ',10
' Family Room 2 connected Double Rooms ',10
' Loft Junior Suite ',10
' Queen Suite ',10
' Studio Deluxe Suite ',10
' Triple Room with Terrace ',10
' Room with River View Main Deck ',10
' Deluxe Double Room 2 Adults 1 Child ',10
' One Bedroom Suite with Kitchen ',10
' Studio Twin Room 3 adults ',10
' Grand Junior Suite ',10
' Club King Room Non Smoking with Executive Lounge Access ',10
' Double or Twin Room with Balcony or Terrace ',10
' Family Premium Room 2 Adults 2 Children ',10
' Deluxe Double Room with Two Single Beds ',10
' Superior King or Double Room ',10
' Deluxe Queen Room with Two Queen Beds ',10
' Club Double or Twin Room with Club Lounge Access ',10
' Deluxe Plus Double Room ',10
' Classic Twin Room with View ',10
' Junior Suite Immersive Art Experience ',10
' Standard Duplex Room 3 Adults ',10
' Single Room with Bathroom ',10
' Executive Double or Twin Room Canal View ',10
' King Hilton Sea View ',10
' Executive Room with Terrace ',10
' Large Garden View King ',10
' Penthouse King Executive Room with Access to Executive Lounge ',10
' Garden View Twins ',10
' Deluxe Premium Double Room ',10
' View Queen ',10
' Luxury Room 3 Adults with canal view ',10
' Superior Twin Room with Private Pool ',10
' Executive Suite 3 Adults ',10
' Double Room with Park View ',10
' Superior Business Room with a Double Bed and Sofa Bed ',10
' Junior Suite with Gallery View ',10
' Stayed 21 nights '],9
' Master Suite with Club Lounge Access ',9
' Executive King or Twin Room with Lounge Access and Park View ',9
' Family with young children '],9
' Luxury Room Club Sofitel with Spa Access ',9
' Deluxe Double or Twin Room Light my Fire ',9
' Exclusive Suite Eiffel ',9
' Deluxe Double Room with Club Lounge Access ',9
' Deluxe Double Room with Free Access to Hamman ',9
' Classic Double or Twin Room with Pool Access ',9
' Deluxe Room With Pool Access ',9
' Privilege Double Room with free pool and hammam access ',9
' Suite with Sofa Bed ',9
' Ambassadors Room ',9
' Superior Room 3 Adults ',9
' Stayed 27 nights ',9
' Classic Double Single Use ',9
' Superior Twin Room with Paris View ',9
' Two Bedroom Family Room ',9
' Deluxe Twin Room with Spa Access ',9
' Superior Twin Room with Pool Access ',9
' Standard Room with 2 Double Beds ',9
' Suite Family Room ',9
' 3 Connecting Rooms ',9
' Family Room with Bathroom ',9
' Deluxe Designer ',9
' Mezzanine Room ',9
' Paris Style Queen or Twin Room with Spa access ',9
' Deluxe Eiffel Tower Twin Room ',9
' Executive Studio Apartment 2 Adults 1 child ',9
' Studio Attrape R ve ',9
' Cosy Family ',9
' Premier Room ',9
' One Bedroom Deluxe Suite ',9
' Superior Double or Twin Room with Sauna Access ',9
' Standard Room with queen size bed and double sofa bed 3 Adults ',9
' Two Bedroom Superior Suite ',9
' King Room with City View ',9
' Double Accessible Guest Room ',9
' Junior Suite with 1 King Size Bed ',9
' King Room with Knightsbridge View ',9
' Double Room Courtyard ',9
' Corner Twin Room ',9
' Kings One Bedroom Suite ',9
' Superior King Suite ',9
' Premium Double Room with Views ',9
' Superior Double or Twin Room with Free Airport Shuttle Service from 5 00am to 00 30am ',9
' Double or Twin Room Select ',9
' Suite 1 2 Adults with Spa Access ',9
' Family Room XL ',9
' King Grand Premier with Canal View ',9
' Double Guest Room with River View ',9
' Imperial Suite ',9
' Special Offer Comfort Double Room with Parking ',9
' Family Room Annex ',9
' Deluxe Suite with Executive Lounge Access ',9
' Comfort Plus Double Room ',9
' Ruyschen Suite ',9
' View King Room ',9
' Superior Double or Twin Room XL with View ',9
' Loft Suite Disability Access ',9
' Business Double Room with Balcony ',9
' King Hilton Executive Room with Access to Executive Lounge ',9
' Family Room 3 Adults 1 Child ',9
' Small Deluxe Room with Canal View ',9
' Economy Quadruple Room ',9
' Superior Double Room with Massage Chair ',9
' Presidential Suite ',8
' Junior Suite XL ',8
' Superior Triple Room with 1 Double Bed 1 Single Bed ',8
' Executive Triple Room with Garden View ',8
' Junior Suite with Private Access to Pool and Spa ',8
' Champagne Shopping package Twin Room ',8
' King Deluxe Family Room ',8
' Double Room with Club Lounge Access ',8
' Superior Double Room Breakfast included ',8
' Duplex King Suite 2 Adults 2 Children ',8
' Stayed 23 nights ',8
' Stayed 18 nights '],8
' Executive King ',8
' Comfort Single Room with Shower ',8
' Terrace Suite with Lounge Access ',8
' Superior Double Room with Extra Bed ',8
' Adjacent Double Rooms ',8
' Deluxe King Room Wheelchair Accessible ',8
' Executive Four Poster Room ',8
' Twin Room with Mobile Phone ',8
' Suite Parisienne ',8
' Deluxe Triple Room with Paris View ',8
' Special Offer Double Room 3 nights minimum ',8
' Premier River King Room ',8
' Suite Avenue ',8
' Exclusive Double or Twin Room La Mondaine ',8
' Suite 2 Adults 1 Child ',8
' Junior Suite with View ',8
' Apartment Suite ',8
' Art Deco Deluxe Room ',8
' Executive Room Swimming Pool Hammam Access upon reservation ',8
' Double Room Comtesse ',8
' Privilege Room 3 Adults ',8
' Hoxton Family Suite ',8
' Club Level Classic Rooms ',8
' Suite without Window ',8
' Mandarin Junior Suite ',8
' Junior Suite with Queen Size Bed ',8
' Superior Double Room with Roll In Shower Disability Access ',8
' Standard Twin Room 2 Adults 1 Child ',8
' King Executive Suite with Lounge Access ',8
' Superior Double Room Pigalle 17 ',8
' Business Studio Suite ',8
' Family Room 2 Adults 1 Children ',8
' Double or Twin Room with Parking ',8
' Premium Suite ',8
' Duplex Suite with State Opera View Top Floor ',8
' Premium Double or Twin Room XL with View ',8
' Panorama Guest room 1 King or 2 Twin Single Bed s ',8
' Basic Double Room NR ',8
' Superior Garden View Room ',8
' Double Room with City View Top Floor ',8
' Junior Suite with Mountain View ',8
' City Suite ',8
' Two Connecting Double or Twin Rooms ',8
' Premium Family Room ',8
' Premium Double or Twin Room with Garden View ',8
' Executive Queen Room Mobility Access with Lounge Access ',8
' Queen Junior Suite ',8
' Executive Suite with Spa Bath ',8
' Suite with Rambla View ',8
' Grand Premium Double or Twin with City View ',8
' Executive Twin Room 1 2 Adults ',8
' Bridal Suite with view ',8
' Family Junior Suite 4 adults ',8
' Deluxe Double Room with Connecting Doors ',8
' Business Single Room with Balcony ',8
' King Room with Pool View ',8
' Grand Deluxe Imperial Room ',8
' Fabulous Sky Room ',8
' Deluxe Double or Twin Room with Ramblas View ',8
' Executive Penthouse with Canal View ',8
' Deluxe Twin ',8
' Ambassador Junior Suite ',8
' Deluxe Triple Room with Canal View ',8
' 2 Twin Beds Guest Room ',8
' Two Adjacent Double or Twin Rooms ',8
' Deluxe Twin Room Souterrain Basement ',8
' King Family Room ',8
' Privilege Double Room with Saint Germain des Pr s Church View ',7
' Prestige Double Room with Eiffel Tower View ',7
' Classic Room Breakfast Included ',7
' Room with Park View ',7
' King Duplex Suite ',7
' Classic Room with 2 Double Beds 4 Adults ',7
' Signature Suite ',7
' Superior Queen Room with Extra Bed 2 Adults ',7
' Junior King Suite with Lounge Access ',7
' Triple Room Luxury XXL King Size Bed ',7
' Business Single Room with Courtyard View ',7
' Landmark Junior Suite ',7
' Executive Room Queen size Bed ',7
' Deluxe Family Room with Two Double Beds with Paris View ',7
' Single Room City ',7
' Eiffel Tower Suite ',7
' Two Connecting Double Rooms 5 adults ',7
' Stayed 22 nights ',7
' Superior Room with Queen size Bed and Double Sofa Bed ',7
' Andaz Large King Room ',7
' Two Bedroom Penthouse Apartment ',7
' Superior Queen Suite with Sofa Bed 3 Adults ',7
' Prestige Room Swimming Pool Hammam Access upon reservation ',7
' Superior Room 2 Single Beds ',7
' Twin Executive Room ',7
' Privilege Room with 1 Queen Size bed ',7
' Superior Room with Double Bed ',7
' Two Connecting Classic Double Rooms ',7
' Junior Suite with VIP Services ',7
' Junior Suite with View of the Eiffel Tower ',7
' Deluxe Double or Twin Room with VIP Services ',7
' Couture Deluxe Double Room ',7
' King Room with Hyde Park View ',7
' Single Room with Spa Access ',7
' Squint Penthouse Suite ',7
' Double or Twin Room In dite ',7
' Prestige Room with Garden View Free WiFi ',7
' Stanhope Suite ',7
' One Bedroom Park Suite ',7
' Executive Triple Room 2 Adults 1 Child ',7
' Junior Suite with Bath ',7
' Superior Double or Twin Room for Single Use ',7
' Park King or Twin ',7
' Standard Room with Two Single Beds Renovated ',7
' King Room with City View Top floors ',7
' Double or Twin Room with Pool View ',7
' Deluxe Double or Twin Room Annex ',7
' Deluxe Twin Room with View ',7
' Junior Suite Cathedral View with Access to Executive Lounge ',7
' penta Junior Suite ',7
' Deluxe Plus Double or Twin Room ',7
' Junior Family Suite 3 Adults ',7
' King Junior Suite with View ',7
' Junior Suite Basement ',7
' Superior Apartment 4 Adults ',7
' Accessible Double Guest Room ',7
' Cosmopolitan Suite ',7
' Superior Room with King Bed ',7
' Grand Premium Double or Twin with Sea View ',7
' Luxury Two Bedroom Apartment ',7
' Junior Suite Twin 1 2 Adults ',7
' Canal View Deluxe Triple Room with Spa Bath Annex building ',7
' Large Suite ',7
' Deluxe Double or Twin Room with Opera View ',7
' King or Double Room with Panoramic View ',7
' Executive Double Twin City View ',7
' Spectacular Double Room ',7
' Deluxe Boulevard Twin Room ',7
' Penthouse Junior Suite with Access to Executive Lounge ',7
' Executive Twin Room with Whirlpool ',7
' Business Double or Twin Room Facing the Sea ',7
' Superior Room with Balcony or Terrace ',7
' Large Family Suite ',7
' Twin Room with Executive Lounge access ',7
' Superior Double or Twin Room with Extra Bed 2 Adults 1 Child ',7
' Single Room with Park View ',7
' Executive Double Room with Access to The Level Lounge ',7
' Twin Room with Park View ',7
' Deluxe Quadruple Room with Canal View ',7
' Premium View Double Room ',7
' Deluxe Double Room with Panoramic View ',7
' Suite Family and Friends ',6
' Junior Suite 2 Adults 1 Child ',6
' Deluxe Twin or Single Room ',6
' Two Connecting Rooms with Free Access to Hamman ',6
' Stayed 25 nights ',6
' Junior Double Suite ',6
' Executive Double Room Top Floor ',6
' King One Bedroom Suite ',6
' Deluxe King Suite ',6
' Single Room with Arc de Triomphe View ',6
' Two Connecting Rooms 3 persons ',6
' Bunk Bed Room ',6
' Privilege Room with Double Bed and Single Sofa Bed 3 Adults ',6
' Emotion Room with Terrace ',6
' Superior Double Room Ground Floor ',6
' Luxury Studio Suite ',6
' Andaz Large Suite ',6
' Double Junior Suite ',6
' Deluxe Twin Room 3 Adults ',6
' Superior King Room Non Smoking ',6
' Family Room Free Wi Fi ',6
' Stayed 30 nights ',6
' Superior Room with Balcony and Opera Garnier View ',6
' Single Room with Sauna Access ',6
' Junior Suite with Double Bed ',6
' Superior Suite with City View ',6
' Privilege Double Room with Terrace ',6
' Standard Double Room with Terrace ',6
' Deluxe Room with Spa Fitness Access ',6
' Deluxe Room 3 Adults ',6
' Park Suite ',6
' Executive Room 1 Queen size Bed 1 Sofa Bed Balcony ',6
' Jimmie Martin Penthouse Suite ',6
' Superior Room with Garden View Free Wifi ',6
' Junior Triple Suite ',6
' Standard Queen Room with Two Queen Beds ',6
' Superior Twin Room with Terrace ',6
' 2 Double Rooms next to each other ',6
' Queen Suite with Balcony and City View ',6
' Prestige Twin Room ',6
' Special Offer Sleep ParK Fly ',6
' Standard Double or Twin Room 3 Adults ',6
' Deluxe Double Room Non Smoking ',6
' Deluxe Double Room with Terrace and Private Pool ',6
' Premier Suite ',6
' Special Offer Double Room with Parking ',6
' Executive Double or Twin Room with view of Big Ben and Lounge Access ',6
' Junior Suite Canal View ',6
' Junior Suite with Access to Executive Lounge ',6
' Suite with Extra Bed ',6
' Delegate Deluxe Double Room ',6
' Premier Junior Suite 1 2 Adults ',6
' Basic Twin Room ',6
' King Superior Plus Room ',6
' Halkin Room ',6
' Large Comfort Twin Room Disability Access ',6
' Wonderful Bank with Canal View ',6
' Prestige Suite 2 Adults with canal view ',6
' Large Canal View Queen ',6
' View Twin ',6
' Twin Room with Pool View ',6
' King Plaza Executive Room ',6
' Wonderful Bank King ',6
' Hyatt Twin Room with View ',6
' Executive Double or Twin Room 3 Adults ',6
' Royal Duplex Suite ',6
' Junior Suite with Executive Lounge Access and Free Wifi ',6
' Junior Suite with Terrace and City view ',6
' Supreme Twin Room ',6
' King Room Mobility Accessible Non Smoking ',6
' Double without credit card ',6
' One Bedroom River View Suite ',6
' Executive Deluxe Double Room ',5
' Collection Suite ',5
' Penthouse Suite Family ',5
' Family with older children '],5
' Master Suite ',5
' Quadruple Suite ',5
' Executive Room with Queen Bed ',5
' 4 Person Suite ',5
' King Magistrate Suite ',5
' Deluxe Premium King Room ',5
' Executive Room with Queen Bed and a Sofa Non Smoking ',5
' Stayed 30 nights '],5
' 2 Connecting Rooms 4 Adults ',5
' Deluxe Junior Suite with Lounge Access ',5
' Suite Grand Lit ',5
' Stayed 24 nights ',5
' Superior Double Room with Tea Time Included ',5
' Junior Suite Parisienne ',5
' Suite Elys e ',5
' Studio Suite with Lounge Access ',5
' Junior King Suite with Pool Access ',5
' Connecting Double Rooms ',5
' Grand Premier Family Room ',5
' 5 rooms ',5
' Junior Suite Blue ',5
' Deluxe Room with 1 King bed ',5
' Adjacent Rooms ',5
' Executive Queen Room With Sofa Bed ',5
' Privilege Family Room ',5
' Superior Deluxe Double Room Pigalle 22 ',5
' Executive Room with 1 Queen Bed and 1 Sofa 3 Adults ',5
' Classic Adjacent Rooms ',5
' Standard room with 1 queen bed and sofa 3 Adults ',5
' Deluxe Apartment 4 Adults 2 Children ',5
' Superior Twin Room with Sofa Bed Non Smoking ',5
' Stayed 19 nights '],5
' Studio Twin Room ',5
' Hilton Deluxe Twin Room Plus ',5
' Special Offer Deluxe Double Room ',5
' 2 Connecting Deluxe Rooms with VIP Service for Kids ',5
' Duplex Room 4 Adults ',5
' Junior Suite with Shower ',5
' Autentic Double Room ',5
' Suite Oc ane ',5
' Deluxe Accessible Twin Room with View ',5
' Superior King Suite 3 adults ',5
' Deluxe Double Room Corner ',5
' Standard Room with terrace ',5
' Double or Twin Room Ladies Special ',5
' Premium Deluxe Double Room with River View ',5
' Business Twin Room with Courtyard View and Public Transport Ticket ',5
' Hilton Superior Twin Room ',5
' Loft Suite with Terrace ',5
' Double Queen Family Suite with Access to Executive Lounge ',5
' Hilton Superior Double Room ',5
' Superior Double Room with Sofa Bed and Pool View ',5
' Guest Queen Room with Two Queen Beds ',5
' Grand Suite with Canal View ',5
' Junior Suite with Sea View ',5
' Double Queen Executive Waterfront with Access to Executive Lounge ',5
' Executive Junior Suite with Sea View ',5
' Studio Suite Bank ',5
' Classic Double Room with Private Terrace ',5
' Large Double Room with Garden View ',5
' Universitat Double or Twin Room ',5
' Deluxe Double Room with Private Pool ',5
' Junior King Suite with View 3 Adults ',5
' Fabulous Bank King ',5
' Suite King ',5
' Corner View Suite ',5
' Double Room with Canal View ',5
' Executive Business Room with Double Bed ',5
' Double or Twin Room with Panoramic View ',5
' Executive Twin Room with Access to The Level Lounge ',5
' Suite Split Level ',5
' Four Seasons King Junior Suite ',5
' One Bedroom Suite with Air Conditioning ',5
' Deluxe King or Queen Room ',5
' Premium King or Queen Room ',5
' Stunning City Studio ',5
' Souterrain Twin Room ',5
' Duplex Family Suite with Spa Bath ',4
' Modern Double Room Narcisse ',4
' Plaza Club Room ',4
' Stayed 29 nights ',4
' Two Adjacent Deluxe Rooms ',4
' Signature Double Room ',4
' Junior Suite Premium with Spa Access ',4
' Junior Suite Give me the night ',4
' One Bedroom Suite with Park View ',4
' Superior Double Room with London Eye View ',4
' Modern Double Room Echo ',4
' Junior Suite Blue Sunshine ',4
' Executive Room Non Smoking ',4
' Deluxe Suite with River View ',4
' Executive Double or Twin Room with Executive Lounge Access ',4
' Junior Suite My Ch rie Amour ',4
' Secret Room with Spa Access ',4
' Suite with Garden View ',4
' Cabine Single Room ',4
' Junior Suite 4 Adults ',4
' Family Communicating Rooms ',4
' Privilege Suite ',4
' Stayed 26 nights ',4
' Grand Premier King Room ',4
' Stayed 20 nights '],4
' Two Adjacent Rooms ',4
' Apartments 4 Adults ',4
' Stayed 28 nights ',4
' Executive Double Room With Free Access to Steam Bath ',4
' Park View Studio ',4
' Business Double Room with 500 Frequent Flyer Miles ',4
' Club Junior Suite ',4
' Deluxe Queen Room with Sofa ',4
' Double Room Duchesse ',4
' Four Seasons Suite ',4
' Suite Deluxe ',4
' Deluxe Double Room Swimming Pool Hammam Access upon reservation ',4
' Superior Oversized Queen Room ',4
' Double Room Capricieuse ',4
' Deluxe Double Room with Terrace and Eiffel Tower View ',4
' Deluxe Double Room With Free Access to Steam Bath ',4
' Deluxe Room with Two Single Beds ',4
' Executive Room with 1 Queen Bed and 1 Sofa 2 Adults ',4
' King Suite Non Smoking ',4
' Executive Room with One Queensize Bed with Balcony ',4
' Standard Double Room 2 Adults ',4
' Duke of Monmouth Suite ',4
' Tradition Twin Room ',4
' Triple Junior Suite ',4
' Superior Room with One Double Bed ',4
' Superior One Bedroom Suite ',4
' Hyde Park Junior Suite with Park View ',4
' Large Double Room with Champs Elysees View ',4
' Junior Suite with Queen Bed 3 Adults ',4
' La Petite Maison ',4
' Single Room Tea Time Wine Tasting Included ',4
' King Suite with Sofa Bed 4 Adults ',4
' Privilege Room with a double bed ',4
' Suite Couture ',4
' Park Executive Suite ',4
' Executive Double Room with Sofa Bed ',4
' Solo Room ',4
' Premium Double or Twin Room with Sea View ',4
' Double Room with Parking ',4
' The Level Grand Premium Double or Twin Room with City View ',4
' King Suite with Executive Lounge Access ',4
' Luxury Double Room Large ',4
' Luxury One Bedroom Apartment ',4
' Queen Family Room ',4
' Deluxe Double Room with View and Disability Access ',4
' Luxury Duplex Room ',4
' King Executive Waterfront with Access to Executive Lounge ',4
' Executive Double or Twin Room with Private Terrace ',4
' Deluxe Family Room with 1 Double and 2 Single Beds 3 Adults ',4
' Superior Apartment 3 Adults ',4
' Executive Room with View and Lounge Access ',4
' Comfort Double Room with Park View ',4
' Twin Grand Premier Room ',4
' Twin Premier Room ',4
' Canal View Queens ',4
' One Bedroom King Suite 2 Adults ',4
' Double Room large ',4
' Queen Room with Roll In Shower Mobility Access Non Smoking ',4
' Junior Suite Double or Twin ',4
' Senior Suite 1 3 Adults ',4
' Twin Plaza Executive Room ',4
' New Amsterdam Suite ',4
' Superior Room with 1 Single Bed ',4
' Superior Double Room 2 Adults 1 Child ',4
' Executive Double or Twin Room with Club Lounge Access ',4
' Deluxe Junior Partial River View ',4
' Junior Suite Double ',4
' Room Assigned at Check in ',4
' Junior Suite With Private Garden ',4
' Corner Larger Executive room with Executive lounge access Free Wifi ',4
' Triple Room with Park View ',4
' Superior Double or Twin Room with Extra Bed 3 Adults ',4
' Junior Room ',3
' Grand Superior Room ',3
' Twin or Double Room with Terrace ',3
' Deluxe King Studio Suite ',3
' Premium Room 3 adults ',3
' Family Room Sleeps Four ',3
' Standard Family Suite with Two Connecting Rooms 4 Adults ',3
' Suite with free pool and hammam access ',3
' Family Room Two Connecting Rooms VIP Welcome for Kids ',3
' Two Connecting Double Rooms with Pool Access ',3
' Suite with View ',3
' Deluxe King Room 2 Adults ',3
' Terrace Junior Suite ',3
' Deluxe Twin Room with Eiffel Tower View ',3
' Duplex Suite with Sofa Bed ',3
' Two Connecting Double Rooms 4 Adults ',3
' Superior Suite 3 Adults ',3
' Curve Suite with Lounge Access ',3
' Junior Suite Saint Honor ',3
' Room with Paris View ',3
' Triple Room with Mobile Phone 3 adults ',3
' Executive Room with queen size bed and single sofa bed 3 Adults ',3
' Privilege Room with 2 Double Beds ',3
' Two Connecting Rooms 2 Adults 2 Children ',3
' Two Adjoining Double Rooms ',3
' Family Junior Suite ',3
' Privilege Twin Room ',3
' Ma tre Superior Double or Twin Room with Street View ',3
' Two Connecting Superior Twin Rooms ',3
' Superior Queen Room with Sofa Bed Non Smoking ',3
' Executive Master Suite ',3
' Junior Suite Twin ',3
' Club King Room with View and Lounge Access ',3
' Superior Double Room Plus L Insolente ',3
' Superior Room with Queen size bed and Sofa Bed 2 Adults ',3
' Regency King Suite with Lounge Access ',3
' Eiffel Suite ',3
' Studio My Little Haussmann ',3
' Diamond Suite Spa ',3
' Gallery Suite with Spa Access Free Wifi ',3
' Junior Suite Tendre Ros e ',3
' Stayed 26 nights '],3
' Executive King Suite ',3
' Ground Floor Queen Room Disability Access ',3
' Stayed 22 nights '],3
' Junior Suite Lavender ',3
' Deluxe Room with Spa Access Free Wifi ',3
' Superior Double or Twin Room with Eiffel Tower partial view ',3
' 2 Connecting Double Rooms ',3
' Junior Suite Split Level with Lounge Access ',3
' Room Sous les Toits 18m with Montmartre View ',3
' Art Deco Room Terrace ',3
' Superior Room with 1 Queen Bed and Sofa 3 Adults ',3
' Urban Triple Room ',3
' Junior Suite with Kingsize Bed 3 persons ',3
' Comfort Single Room with View ',3
' Premium King Room with View ',3
' Superior Classic Double Room ',3
' Superior room 3 persons ',3
' Superior Double Room with Courtyard View ',3
' Royal Suite ',3
' Park Deluxe Room ',3
' Standard Double Room with Sofa Bed ',3
' Bunk Bed in Twin Room Pigalle 12 ',3
' LM Club Double or Twin Room ',3
' Parisian Junior Suite ',3
' Loft Double Room with Terrace ',3
' Op ra Junior Suite ',3
' Superior Double Room Non Smoking ',3
' Design One Bedroom Suite ',3
' Standard Double Room with Two Double Beds ',3
' Suite Room 1 or 2 people ',3
' Executive Suite with Free Airport Shuttle Service from 5 00am to 00 30am ',3
' Executive Room with Queen Bed Renovated ',3
' River Twin Suite ',3
' Junior Alcove Suite with Access to Executive Lounge ',3
' Park Deluxe King or Twin ',3
[' Couple '],3
' Double or Twin Room Business Advantage ',3
' Two Connecting Double Rooms 2 Adults 2 Children ',3
' Junior Suite 3 Adults with Spa Access ',3
' Attic Suite 1 or 2 people ',3
' Executive Deluxe ',3
' Executive Deluxe Double Room with Spa Access ',3
' Premier Double Room with Panoramic View and Executive Lounge Access ',3
' Twin Room with City View Top Floor ',3
' Double Room 2 Adults 1 Child ',3
' Special Offer Comfort Double Room with Breakfast and Parking Included ',3
' Deluxe Two Bedroom Suite ',3
' Single Room with Garden View ',3
' Junior Suite High Floor ',3
' Special Offer Double Room Park and Sleep inklusive Breakfast ',3
' Junior Suite with View and Disability Access ',3
' Junior Conservatory with King Bed ',3
' Double or Twin Room with Extra Bed 2 Adults 1 Child ',3
' Special Offer Classic Room ',3
' Superior Suite with Garden View ',3
' Penthouse Suite with Balcony ',3
' Suite 1 2 Adults ',3
' Stayed 28 nights '],3
' Luxury Suite Triple ',3
' King One Bedroom Suite with Living Room ',3
' Superior Apartment 2 Adults ',3
' Deluxe Triple Room with Spa Access ',3
' Deluxe Double or Twin Room with Parking ',3
' K Suite ',3
' King Room with Sea View ',3
' Business Apartment 1 Adult ',3
' Triple Room Annex ',3
' Suite Reloj ',3
' Marvelous Suite Exchange ',3
' One Bedroom Apartment Penthouse ',3
' Executive Room with Two Double Beds and Executive Lounge Access ',3
' Twin Hilton Sea View ',3
' Cool Corner Exchange ',3
' Premium Double Room with Terrace ',3
' Hyatt Queen Room with View ',3
' Executive Black Suite ',3
' Deluxe Family Room with SPA Access ',3
' Double Room Medium Heritage ',3
' Hilton Relaxation Room ',3
' Junior Suite 2 Adults 2 Children ',3
' Hansen Suite ',3
' Superior Double or Twin Room XL with Extra Bed 3 Adults ',3
' Twin Room Mobility Access ',3
' Family Room 5 Adults ',3
' Deluxe Double or Twin Room with Spa Bath ',3
' Deluxe Double Room with Lounge Access ',3
' Queen Room with Executive Lounge Access ',3
' Triple Room with City View ',3
' Comfort Triple Room with Spa Bath ',3
' Mandarin Double or Twin Room ',3
' Junior Suite 5 Adults ',3
' Family Suite with Balcony ',2
' Suite with Glass of Champagne ',2
' Junior Suite Jungle Fever with Hot Tub ',2
' Classic Single Room with Spa Access ',2
' 2 Adjacent Superior Rooms ',2
' Suite with Eiffel Tower View VIP welcome ',2
' Suite VIP welcome ',2
' Junior Suite with Pool Access ',2
' Junior Suite with Lounge Access and City View ',2
' Executive Queen Room with Sofa Bed 3 Adults ',2
' Executive Room Selected at Check In ',2
' Executive Double Room with Terrace ',2
' Marvellous Suite ',2
' Accessible Studio Suite ',2
' Two Adjacent Double Rooms with free pool and hammam access ',2
' Suite Terasse Eiffel ',2
' Knightsbridge Suite ',2
' Prestige Double Room With View ',2
' Interconnecting Rooms ',2
' Club Suite ',2
' Two Adjacent Rooms 5 Adults ',2
' Green Park Suite ',2
' Executive Room with views of Paris Queen size bed and Double Sofa Bed 2 Adults 2 Children ',2
' Two Adjacent Classic Double Rooms ',2
' King One Bedroom Suite with Lounge Access ',2
' Standard Double Room with City View ',2
' Deluxe Quadruple Room with Paris View ',2
' King Deluxe One Bedroom Suite with Lounge Access ',2
' Superior Room with 2 zip beds ',2
' Junior Queen Suite with Sofa Bed ',2
' Exception Room ',2
' Double Room Mus e d Orsay with Spa Bath ',2
' Special Offer Superior Queen Room ',2
' Superior Room with Balcony ',2
' Suite with Eiffel Tower View ',2
' Executive Room with Two Queen Beds ',2
' Deluxe Eiffel Twin ',2
' Suite Designer ',2
' Deluxe Queen Room with Pool View ',2
' Suite with Spa Access ',2
' Comfort Family Room ',2
' Octagon Suite with Lounge Access ',2
' Superior Queen Room with Extra Bed 3 Adults ',2
' Accessible King Room with Lounge Access ',2
' Prestige Triple Room ',2
' Junior Suite with living room ',2
' Double or Twin Room with Terrace and Panoramic View ',2
' Family Apartment 4 Adults with Spa access ',2
' Double Room Atelier d Artiste with Spa Bath ',2
' Suite Trocadero Balcony with Eiffel Tower View ',2
' Junior Suite 2 adults and 1 child Free Wi Fi ',2
' La Reflet Junior Suite ',2
' Deluxe Double Room 1 Adult ',2
' Premier Shard Suite ',2
' Art Deco Deluxe Room View and Terrace ',2
' Skylight Deluxe Executive Room ',2
' Luxury Suite Conservatory with Lounge Access ',2
' Junior king Suite 3 Adults ',2
' Champs Elys es Prestige Room ',2
' Duplex Deluxe Triple Room 2 Adults 1 Child ',2
' Junior Suite With Free Access to Steam Bath ',2
' Executive Queen Suite ',2
' Deluxe Triple Suite ',2
' Deluxe Triple Room Swimming Pool Hammam Access upon reservation ',2
' Executive Suite with Queen Bed and Sofa Bed 2 Adults ',2
' Junior Suite Royal ',2
' Junior Suite Sans Mod ration ',2
' La Rouge Suite ',2
' Junior Suite Triple ',2
' Double Deluxe Suite ',2
' Small Studio ',2
' Premium Lafayette ',2
' Stayed 23 nights '],2
' Three Bedroom Apartment ',2
' Suite Tea Time Wine Tasting Included ',2
' 2 Connecting Rooms ',2
' Three Bedroom Suite ',2
[' Group '],2
' Junior Suite with Spa Access 3 Adults ',2
' Executive Premium Queen Room with Sofa Bed ',2
' Mansart Executive Room ',2
' Junior Suite with Bath and Shower ',2
' Deluxe Double Room Pigalle 21 ',2
' The Duplex ',2
' Couture Junior Suite ',2
' Superior Room with Garden View ',2
' Two Adjoining Rooms with Dock View Main Deck ',2
' One Double Suite NonSmoking ',2
' Chic Twin or Double Room ',2
' Two Bedroom Deluxe Suite ',2
' Twin Junior Suite ',2
' Cabaret Junior Suite ',2
' King or Queen Studio ',2
' Executive Double Room Non Smoking ',2
' King Suite with Sofa Bed 3 Adults ',2
' Vend me Deluxe Room ',2
' Standard Double Room with Panoramic View ',2
' Family Room Free WiFi ',2
' Executive Queen Room 2 adults ',2
' Double Room with Fitness Equipment ',2
' Park Deluxe View Twin ',2
' Twin Executive Plus Room ',2
' Standard Room with Queen Bed and Sofa Bed ',2
' Hilton Executive Suite with Lounge Access ',2
' Superior Twin Room with Airconditioning ',2
' Special Offer Classic Room with Parking ',2
' Park Suite King ',2
' Superior Double Room with Terrace and Mountain View ',2
' Stayed 27 nights '],2
' Twin Junior Suite City View with Access to Executive Lounge ',2
' Superior Twin Room with Extra Bed 2 adults 1 child ',2
' Minsters Deluxe Two Bedroom Suite ',2
' Park Deluxe View ',2
' Park Suite View ',2
' Palais Suite ',2
' Junior Suite 2 Adults with Free Airport Shuttle Service from 5 00am to 00 30am ',2
' Deluxe King Room Disability Access ',2
' Special Offer Double or Twin Room with Parking ',2
' King Deluxe Family Room Connecting Doors ',2
' Twin Hilton Room Plus ',2
' Presidential suite with view terrace ',2
' Superior Double Room with Terrace and Jacuzzi ',2
' Penthouse Suite with View ',2
' Superior Double or Twin Room with Patio ',2
' Hilton Superior King Room ',2
' Special Offer Single Room with Continental Breakfast ',2
' Elisabeth Suite ',2
' Business Suite ',2
' King Waterfront Suite with Access to Executive Lounge ',2
' Studio Suite with Club Lounge Access ',2
' Superior King Room with Pool View ',2
' Balcony Suite with Executive Lounge Access ',2
' Quadruple Apartment ',2
' Deluxe Double or Twin Room with Panoramic Sea View ',2
' One Bedroom Suite with Executive Lounge Access ',2
' Special Offer Double Room with Continental Breakfast ',2
' Queen Guest Room Mobility Accessible ',2
' One Bedroom Suite 1 2 Adults ',2
' Superior Room with 1 Double Bed and Sofa ',2
' Special Offer Double Room Park and Sleep ',2
' Amsterdam Street Art Double Guest Room ',2
' Prestige One Bedroom Suite with River View ',2
' Suite Canal View ',2
' Deluxe Family Room 3 Adults ',2
' Deluxe Family Room with 1 Double and 2 Single Beds ',2
' Superior Double Room New Style ',2
' Club Suite with Executive Lounge Access ',2
' Business Plus Single Room with Balcony ',2
' Grand Suite Duplex ',2
' Club Suite with Club Lounge Access ',2
' Guest Room with Balcony ',2
' The Rooks Nest ',2
' Classic Twin or Double Room ',2
' Twin Room with City View ',2
' Double Room Large Heritage ',2
' Fabulous Bank Canal ',2
' Suite 1 3 Adults ',2
' Special Offer Deluxe Double or Twin Room ',2
' Executive Double Room with Square View ',2
' Standard Triple Room 3 Adults ',2
' Special Offer Standard Double or Twin Room ',2
' Royal Penthouse with Canal View ',2
' Ring Suite ',2
' Economy Apartment 2 adults ',2
' Executive Twin Room with City View ',2
' Comfort Club Double or Twin Room ',2
' Executive King Suite with Lounge Access ',2
' Superior Executive Room with Executive Lounge Access ',2
' Double Room Disability Access Tub ',2
' Executive Double Room Single Use ',2
' One Bedroom Family Suite ',2
' Park Junior Suite ',2
' Four Seasons Twin Junior Suite ',2
' Queen Single Room ',2
' Large One Bedroom Apartment ',2
' Deluxe Junior Suite with Spa Bath ',2
' Supreme Double Room ',2
' Superior Double Room 1 Adult ',2
' King Junior Suite with Executive Lounge Access ',2
' Superior Double or Twin Room XL with Extra Bed 2 Adults 1 Child ',2
' Business Double Room 1 Adult ',2
' Park Deluxe Executive King ',2
' Executive Room with Double Bed ',2
' One Bedroom Suite with Sofa Bed ',1
' Special Offer Classic Double Room ',1
' Duplex King Suite 3 Adults ',1
' Standard Family Suite with Two Connecting Rooms ',1
' Queen Guest Room with Terrace ',1
' Signature Room ',1
' Junior Suite 3 Adults or 2 Adults 1 Child ',1
' Duplex King Suite ',1
' Executive with Two Double Beds ',1
' King Room or Twin Room Disability Access ',1
' Family Room Two connecting Rooms 3 Adults ',1
' Suite Juliana ',1
' Suite with Club Lounge Access ',1
' Suite Champs lys es ',1
' Tower Suite with Lounge Access ',1
' Two Bedroom Suite with Private Access to Pool and Spa ',1
' Penthouse ',1
' Suite with Executive Lounge Access ',1
' Executive Suite Free Executive Lounge Access ',1
' Suite Free Executive Lounge Access ',1
' Junior Suite Attic ',1
' Double Room 3 Adults ',1
' Executive Vend me Triple Room ',1
' Suite Marignan Eiffel ',1
' Triple Executive Room ',1
' Eiffel Suite with partial view ',1
' Queen One Bedroom Suite ',1
' Oscar Wilde Room ',1
' Superior Suite 4 Adults ',1
' Ashburn Suite ',1
' Grand Executive Room ',1
' Deluxe Pantheon Room ',1
' Four Connecting Rooms ',1
' Deluxe Double Room with Hammam ',1
' Stayed 24 nights '],1
' Deluxe Double Room with City View and Spa Access ',1
' 2 double Connecting Rooms ',1
' Executive Double Room with Mobile Phone ',1
' Executive Double Room Eiffel Tower View with 1 Queensize and Sofa Bed ',1
' Superior Twin Room with Tea Time Included ',1
' Grand Executive Room with City View ',1
' Couture Suite ',1
' Studio with Spa Access ',1
' Junior Suite 3 Adults with Paris View ',1
' 2 Connecting Rooms 5 Adults ',1
' Double Twin Rooms Next to Each Other ',1
' Deluxe Suite 2 Adults with Paris View ',1
' Suite Aurore ',1
' Suite with River View ',1
' Stayed 25 nights '],1
' Grand Premier Suite ',1
' Suite Cocotte ',1
' Three Bedroom Luxury Apartment ',1
' Stayed 29 nights '],1
' Twin Bed Suite ',1
' Privil ge Suite with 1 Double Bed and Sofa ',1
' Double Room Radieuse ',1
' Art Deco Room Balcony ',1
' Corner Suite 2 Adults 1 Child ',1
' King Room Balcony with view on Eiffel Tower View Free Wi Fi ',1
' La Mathurin Suite ',1
' Shoreditch Suite ',1
' Duplex Triple Room ',1
' Regency Executive Suite with Lounge Access ',1
' Two Double Adjoining Rooms ',1
' Deluxe Twin Room with Terrace and Eiffel Tower View ',1
' Junior Suite with Free Bottle of Champagne ',1
' Townhouse Apartment ',1
' Townhouse Suite ',1
' Family Suite with adjoining rooms ',1
' Two Bedroom Suite with Terrace ',1
' Suite with hammam ',1
' Bobo Queen or Twin Room with Spa access ',1
' Double Room with 2 tickets for a Cruise on the Seine river ',1
' Deluxe Double Room with Balcony and Free Pool Access ',1
' Grand Historique Suite ',1
' Panoramic Suite ',1
' Two Adjoining Rooms ',1
' Prestige Suite with Private Terrace ',1
' Double Room Rouge Epic e ',1
' Urban Queen Room with Spa access ',1
' Family Room three bedrooms communicating ',1
' Art Deco Deluxe Room Patio and Terrace ',1
' Club Twin Room with Lounge Access ',1
' Two Adjacent Superior Double Rooms ',1
' Suite Superior ',1
' Parisian Suite ',1
' Deluxe Suite 4 Adults ',1
' Champs Elys es Prestige Junior Suite ',1
' Artist s Studio King Junior Suite with Spa access ',1
' Junior Suite with Twin Beds ',1
' Park Deluxe Suite ',1
' Executive Premium Queen Room ',1
' Belgravia Suite ',1
' One Bedroom Suite with Courtyard View ',1
' Deluxe Family Room 2 Adults 2 Children ',1
' Loft Double Room ',1
' Park Room ',1
' Quadruple Room with Sauna Access ',1
' Suite Family Room 2 Adults 2 Children ',1
' Suite with Free Bottle of Champagne and Spa Fitness Access ',1
' King Room with Disability Access Non Smoking ',1
' Rooftop Suite ',1
' Smart Triple Room ',1
' Double or Twin Junior Suite ',1
' Prestige King Room Non Smoking ',1
' Eiffel Loft ',1
' Privilege Room with Hammam ',1
' Classic Double Room with Balcony ',1
' Horizon Suite with Dock View ',1
' Park Deluxe Queen ',1
' Apartement ',1
' Easter Special Executive King Room ',1
' One Bedroom Classic Suite ',1
' Two Adjoining Rooms with Dock View Upper Deck ',1
' Junior Suite Free Wifi ',1
' Two Connecting Executive Rooms ',1
' Two Adjacent Double Room ',1
' Suite with Knightsbridge View ',1
' Family Room 6 Adults ',1
' Park Twin ',1
' Original Double Room ',1
' Suite Pigalle 35 ',1
' Executive Double Room with Spa Fitness Access ',1
' Queen Suite with City View ',1
' Superior Room with Sofa Bed 3 Adults ',1
' Minsters Deluxe One Bedroom Suite ',1
' Suite with Harbour View ',1
' Suite with Balcony and Spa Access ',1
' Quadruple Room 2 Adults 2 Children ',1
' Executive Suite 1 King ',1
' King Suite Non Smoking with Executive Lounge Access ',1
' Double room 1 or 2 people ',1
' Privilege Room with Extra Bed 3 Adults ',1
' King Room with Sofa Bed ',1
' Courtyard Suite with St Stephen s Cathedral view ',1
' Basic Double or Twin Room ',1
' Design Suite ',1
' Superior room with sofa bed 4 Adults ',1
' Stayed 31 nights '],1
' Duomo Suite ',1
' Executive Apartment ',1
' Double Standard ',1
' FAMILY PLAN ',1
' One Bedroom Apsley Suite ',1
' Special Offer Room with Continental Breakfast ',1
' King Loft ',1
' penta PlayerPad Suite ',1
' Westminster Suite with King Bed ',1
' Apartment Attic ',1
' Executive Double or Twin Room With Terrace ',1
' Deluxe One Bedroom Suite with River View ',1
' One Bedroom Executive Suite with Lounge Access ',1
' Twin Grand Premier with Canal View ',1
' Deluxe One Bedroom Park Suite ',1
' King Master Suite ',1
' Deluxe Double or Twin Room with Pool Access ',1
' Deluxe Double Room 3 Adult ',1
' Superior Suite Water Front ',1
' Luxury Suite with Garden View ',1
' Small Double Room 1 2 adults ',1
' Luxury Single Room ',1
' Family Room with View 2 Adults 2 Children ',1
' Two Connected Double Rooms ',1
' One Bedroom City Suite ',1
' Superior Room with Sofa Bed ',1
' Comfort Plus Twin Room ',1
' Andaz Suite ',1
' Fantastic Suite ',1
' Superior One Bedroom Suite with Executive Lounge Access ',1
' Executive Suite with River View ',1
' Family King Room ',1
' Universitat Single Room ',1
' Art Room XL with Iconic View ',1
' Twin Hilton Executive Room with Access to Executive Lounge ',1
' Penthouse Plaza Suite with Access to Executive Lounge ',1
' Deluxe Room 2 Adults 1 Child ',1
' Park Suite with Executive Lounge Access ',1
' Regency Suite King ',1
' Luxury Suite music theme ',1
' Executive Twin Room with River View ',1
' Principe Suite ',1
' Suite with Garden View and Parking ',1
' Suite with City View and Parking ',1
' Deluxe Double or Twin Room Disability Access ',1
' Suite with Spa Access 4 Adults ',1
' Luxury Suite antique theme ',1
' Marvelous Suite ',1
' Superior Executive Twin Room ',1
' Standard Double or Twin Room with Extra Bed ',1
' Superior Junior Suite Single Use ',1
' Junior Suite with Extra Bed 3 Adults ',1
' Executive Double Room with Park View ',1
' Four Seasons Executive King Suite ',1
' Suite with Panoramic View ',1
[' Family with young children '],1
' Superior Double Room with Sofa ',1
' Junior Suite with Hydromassage Shower ',1
' Superior Suite 2 Adults ',1
